CustomerID,Age,Gender,TotalSpend,TotalPurchases,DaysSinceLastPurchase,CategoryViewed,TimeSpentOnCategory,CartAbandonmentRate,PurchaseLikelihood
1,56,Male,3448.1473453718754,22,117,Electronics,72.67373498269613,0.34695895037758584,Medium
2,46,Female,2284.923261246067,21,94,Electronics,13.951285983569585,0.43180709510777726,Low
3,32,Female,1440.7706647801629,47,163,Clothing,74.61385216259218,0.7817798259287263,Low
4,60,Female,4985.910050772784,18,99,Electronics,94.54880324507265,0.48417303216340746,High
5,25,Male,2188.2883809562672,45,113,Clothing,89.57649986910691,0.7940144502659627,High
6,38,Male,2311.79641921541,2,359,Toys,71.9872175705321,0.5764889031398659,Medium
7,56,Male,901.756723839179,41,91,Clothing,151.85065641238168,0.34206943465755535,Low
8,36,Male,3994.566788874654,18,346,Electronics,30.43217117358822,0.8099787436834724,Low
9,40,Male,3499.0429063292945,8,206,Toys,93.49693016174045,0.23828967055309158,Low
10,28,Male,1181.7711026649258,27,17,Electronics,15.857247967397003,0.2243829797997955,Medium
11,28,Male,503.6671235176292,19,274,Clothing,17.452243803634204,0.5045029240548358,Medium
12,41,Male,3434.446580166094,44,173,Groceries,105.42652369349186,0.2608492459620889,High
13,53,Female,3307.1049499775627,6,116,Furniture,104.05322435536867,0.009087034951216322,High
14,57,Female,1438.9716822912258,13,349,Electronics,158.65586474777996,0.6482975272988015,Medium
15,41,Male,4759.231455027011,8,181,Clothing,102.6278932405128,0.511093821472398,Medium
16,20,Male,840.1836697264112,18,91,Toys,172.96342857084878,0.4455178144931612,Medium
17,39,Female,2218.440525108749,46,82,Electronics,13.52159846998771,0.9669685146183153,Medium
18,19,Male,4723.718008821234,13,324,Electronics,22.151344836629686,0.5711991839629137,High
19,41,Male,2156.6638529379993,37,114,Furniture,12.711525774816744,0.8634315777893845,Medium
20,61,Male,3228.7771435540194,35,257,Clothing,37.42344880836951,0.13945023620516017,High
21,47,Female,2048.2125500176917,39,58,Groceries,99.72226941479367,0.5692064631294277,Medium
22,55,Female,1443.654491508483,16,154,Toys,117.9751317497999,0.8679796267309029,Medium
23,19,Female,4921.490475003158,29,116,Clothing,12.97740264101704,0.583105757279898,Medium
24,38,Female,2105.736630943711,8,343,Toys,170.54490572297988,0.7180141781270015,Low
25,50,Female,4481.086098027758,32,266,Electronics,152.37894091381668,0.3720435678122074,High
26,29,Male,1226.7775688663223,24,315,Furniture,56.9071843774913,0.09244951703706661,Medium
27,39,Female,1144.2130497229082,13,203,Furniture,18.507817789631893,0.4579002951270714,Medium
28,61,Male,252.55700613410568,10,41,Groceries,34.73023781333502,0.3944793908388575,Medium
29,42,Male,3293.167444341837,34,105,Furniture,27.215272407120217,0.8670601823789473,Low
30,44,Female,1905.7790842464296,40,193,Electronics,26.5746613773157,0.24399530235247224,Medium
31,59,Female,4335.355424214222,13,278,Groceries,95.74829551650343,0.9667342275351081,Low
32,45,Male,2418.72854278863,29,354,Clothing,48.02330243634505,0.9581381198044961,High
33,33,Male,4844.1477967821365,40,237,Furniture,67.67445039260028,0.2476316430714387,Low
34,32,Male,1009.0750269452936,3,221,Groceries,178.16343334225644,0.3480519554773205,High
35,64,Female,4356.2535229824925,3,68,Electronics,124.75499356193534,0.895555740873885,Low
36,61,Female,3905.3245786795346,27,197,Toys,171.07161673322523,0.9666222208961075,Medium
37,20,Female,3877.5170387558546,7,256,Toys,29.947397130795228,0.44343910283604404,Medium
38,54,Female,4239.437817772749,1,139,Electronics,71.87440809569962,0.3209970456408978,Medium
39,24,Female,3829.0175556206946,40,312,Electronics,102.078065574412,0.526094013251542,Low
40,38,Male,3168.479575993935,45,149,Toys,18.43266083052915,0.6877692063657348,High
41,26,Female,743.0999006436991,21,99,Groceries,5.732802634892627,0.2734745153749798,Medium
42,56,Male,259.3782795071344,40,76,Toys,122.32600841446056,0.7364731746190728,Low
43,35,Male,4612.154454296866,15,282,Electronics,117.31841544025119,0.051657357114641034,Medium
44,21,Male,3121.5865411516165,28,109,Furniture,76.88804174993206,0.04929449276441644,High
45,42,Female,4003.032725783264,48,188,Clothing,90.68771330560571,0.3862877051455452,Medium
46,31,Female,2459.4595224114955,47,199,Furniture,77.70252510361568,0.3534731920607206,Medium
47,26,Female,674.8101259157329,29,303,Furniture,9.20088284785555,0.3156332153671523,Low
48,43,Male,713.4103817924971,11,327,Electronics,63.690031088055925,0.49101976266891,Medium
49,19,Male,3459.2699074219595,34,154,Toys,35.98939469452572,0.32073358231157123,Medium
50,37,Male,2208.4988850073673,10,40,Groceries,22.22423309273953,0.19225791846809193,Low
51,45,Male,1082.5711608316499,45,133,Furniture,172.42607593063622,0.3094695490886009,Medium
52,64,Male,2508.8132790330405,49,132,Toys,109.88795188237899,0.974904272810235,High
53,24,Male,414.623791668157,20,279,Groceries,132.51484974140547,0.4111134169948486,High
54,61,Female,2951.659869380554,20,362,Furniture,60.18865507157056,0.44471277685833577,Medium
55,25,Female,1418.0676817319786,4,84,Groceries,73.80074766145266,0.57654498995114,High
56,64,Female,4008.039593122222,47,242,Toys,46.461698931926605,0.9833407684142266,Low
57,52,Female,1620.7735987255114,19,116,Clothing,21.96899241894933,0.241601276435763,Medium
58,31,Male,2330.5787305008257,36,109,Toys,36.33053655227717,0.6812821105324338,High
59,34,Male,156.9406455496931,2,221,Electronics,144.56495792688503,0.7159846935417241,Medium
60,53,Female,454.9897501933385,43,41,Groceries,123.57051590716077,0.6073244167930659,Medium
61,57,Male,2023.2184263927556,32,147,Clothing,100.71255329745846,0.08857833963664408,Low
62,21,Female,2451.7002901139053,8,112,Groceries,88.14072775168441,0.6768722758275765,Low
63,19,Female,3040.100685784588,8,103,Groceries,166.42599963982178,0.06409471103617548,Medium
64,23,Female,1529.146635675586,3,46,Furniture,17.72861586126697,0.5961426495498969,Medium
65,59,Male,3505.4112420200586,34,324,Electronics,54.105142316635295,0.7395811772217427,Medium
66,21,Female,4314.5997462271025,16,271,Groceries,66.23912437487496,0.21096989061995042,Medium
67,46,Female,3921.269845577414,33,195,Toys,141.92451713723787,0.841622007542774,High
68,35,Female,294.13224420695,23,280,Toys,178.690058528345,0.030353805533004263,High
69,43,Male,2454.4840415633616,31,283,Furniture,47.117340082501784,0.8438128636583061,Medium
70,61,Male,614.1578742490568,0,40,Electronics,158.0037834739891,0.4603290506427651,High
71,51,Female,1286.0205777263845,7,189,Electronics,150.3589830755635,0.2175879399316445,High
72,27,Male,4934.6467070090175,44,164,Toys,44.31504458730916,0.133778144993968,Medium
73,53,Male,798.2281602174148,22,24,Clothing,74.88320153486396,0.9533071675823725,High
74,31,Male,2544.5519519116447,46,24,Furniture,76.69275212619084,0.07266558758115671,Medium
75,48,Male,3128.9630981587834,39,4,Furniture,176.1886169921477,0.19909341993592566,Medium
76,32,Male,3542.0783556661095,11,323,Toys,36.6560827413072,0.34782234743304596,Low
77,25,Male,2842.278549085879,11,290,Toys,144.85264494333686,0.6202348489611205,Medium
78,31,Male,147.87715235399992,45,181,Clothing,63.483724980294234,0.5448010852760984,High
79,40,Male,1699.6604103955603,46,248,Clothing,132.90231051082807,0.12564349241231398,Medium
80,57,Male,2636.787052585086,14,116,Electronics,78.501925751741,0.2897279837382146,Low
81,38,Male,530.5458458096834,40,279,Furniture,106.2129585453945,0.23875177108602408,Low
82,33,Female,1818.0719629249857,18,69,Furniture,150.70706033207296,0.21354285449034138,Medium
83,62,Female,262.6952330776962,25,351,Toys,145.72897387217972,0.41114433647998705,Medium
84,35,Male,485.03463605960167,28,254,Electronics,156.6240571194475,0.7040314525916569,Low
85,64,Female,2044.9240533878208,21,181,Furniture,15.433031935315329,0.21745293221723594,High
86,41,Female,750.3071948109957,39,318,Electronics,126.10884678195535,0.3666788797029814,Medium
87,43,Male,2880.950156481635,20,169,Electronics,29.4977909263085,0.39091742684116226,Medium
88,42,Male,3478.3783487726023,37,313,Toys,77.76824940322193,0.9764565294354102,High
89,62,Male,4022.874825634506,19,249,Electronics,101.00297263457048,0.9546663568790689,Medium
90,58,Female,1080.7361967995694,28,188,Clothing,75.47940983069537,0.8001375827520759,High
91,46,Female,920.6646530694418,3,54,Clothing,95.93204326552632,0.24165892081918516,Medium
92,32,Male,612.3824176385613,6,326,Groceries,179.39210403975835,0.06803731409166969,Low
93,62,Male,3218.50822276382,27,357,Toys,28.663029899749578,0.31690413772062476,High
94,18,Male,3561.731059785816,27,313,Groceries,123.20480793387448,0.26679454943383085,Low
95,42,Female,254.77210964564597,3,138,Clothing,74.30016911748267,0.5059258001463939,High
96,24,Female,4687.44000659408,21,168,Groceries,28.276714808782536,0.7777279100677931,Medium
97,26,Female,354.6592898922148,11,103,Toys,32.77893359050417,0.858322938878858,High
98,41,Female,2752.3520429752452,44,85,Toys,171.12279359298296,0.8448640854105085,Low
99,18,Male,3574.3965453094906,2,317,Electronics,158.93026192455835,0.35967556122306776,Medium
100,61,Male,4367.748706355819,21,212,Furniture,163.73234307262882,0.6872343434606829,Medium
101,25,Male,3599.025967448896,43,3,Electronics,178.51823576979265,0.31283419752422004,Low
102,41,Male,4028.46760704198,1,179,Toys,41.45519325149064,0.06090554323518271,Medium
103,28,Female,1763.3059434597496,23,342,Clothing,67.2018840387108,0.7015652656029423,Low
104,34,Female,4092.64305735791,33,303,Clothing,122.11333023685167,0.009827552569787845,Medium
105,25,Male,492.5627472849082,26,332,Electronics,89.66544447561327,0.40918258745848857,Low
106,52,Male,4484.601614696586,40,38,Toys,78.21816834120837,0.32937926930207573,Medium
107,52,Female,2783.2026431533077,0,239,Clothing,67.61696863372879,0.6933775385188524,High
108,50,Male,4104.7590728162195,7,169,Toys,108.91161059010413,0.7662454727603789,Medium
109,22,Female,2316.3595941396707,22,343,Clothing,105.72885001201435,0.30409463597128383,High
110,59,Male,3253.5307064629724,37,314,Toys,33.255120961242014,0.8116270144448535,Medium
111,56,Male,2679.373038586955,5,306,Groceries,87.55447156572684,0.29391676050493376,Medium
112,58,Male,3684.788656601126,21,30,Toys,101.85756083672374,0.4463263599865612,Medium
113,45,Male,499.9869119498889,24,190,Toys,104.80021427799333,0.7270185270141339,High
114,24,Male,395.7252115537626,17,357,Electronics,41.768758759661566,0.6929202292247886,High
115,26,Male,1310.8058466497175,16,25,Groceries,134.8974936441502,0.9873684723122,Medium
116,25,Male,881.7689325546229,11,112,Furniture,9.409841593687187,0.22516102421593187,Low
117,29,Female,4371.739476301788,5,206,Electronics,67.09557472005346,0.6623179135395824,Medium
118,51,Female,1174.1485380544173,25,185,Furniture,141.53721349373586,0.6096819082757774,Medium
119,50,Female,4881.739753513743,26,47,Clothing,103.68126118469542,0.9150984544900299,Medium
120,40,Female,1750.7893796784235,7,228,Furniture,50.70342568940054,0.15636214164487505,Medium
121,41,Female,992.3777868746265,18,39,Toys,126.61679588503335,0.751798163586933,High
122,54,Male,3969.5226849981477,41,16,Furniture,104.29341522731285,0.5682686162687683,Medium
123,52,Male,3327.6680999542928,0,22,Electronics,144.34263165486774,0.2746658697879054,High
124,61,Female,2541.159010620381,28,213,Electronics,133.6294075832191,0.4744349141471741,Low
125,57,Male,2821.281399594393,44,310,Furniture,111.76888635634107,0.3337765970697978,High
126,39,Female,3624.0887135340927,48,149,Electronics,90.43109317939245,0.5793134027884609,Medium
127,44,Female,1219.4282325233637,34,241,Electronics,28.306871991816596,0.8890006108146659,High
128,52,Male,4982.036188678036,39,272,Furniture,50.73327812994216,0.569304984412202,High
129,18,Male,4876.486494519238,13,59,Groceries,78.34240776048992,0.631722418326584,Medium
130,52,Male,3286.5958630999908,34,287,Groceries,109.87737522611802,0.5187478471147094,High
131,54,Female,1077.758009552811,47,202,Clothing,94.89887466267834,0.051165506445475906,High
132,64,Male,3433.1183879133273,44,32,Electronics,55.43229204291766,0.23285855687609425,Medium
133,31,Female,453.77220399796164,19,162,Furniture,6.131262613199347,0.49200172943208276,High
134,20,Female,250.19726080844973,48,255,Electronics,91.84186383264243,0.31023528374470477,High
135,18,Female,1362.646153704947,12,254,Toys,54.98454799839254,0.18176359776119422,Low
136,22,Male,2366.85248802265,37,9,Electronics,133.55645262434365,0.5041328419184383,Medium
137,43,Male,4354.535276501065,48,139,Electronics,9.190596422334611,0.3228097934478503,Low
138,31,Female,3663.1284418549094,45,10,Groceries,107.34486697851341,0.2581076431734147,Low
139,56,Male,3739.261953879907,48,214,Furniture,169.75799156356143,0.4639854174403808,Medium
140,44,Male,2184.9173387955693,7,273,Electronics,35.521621744512416,0.13328425808217315,High
141,26,Male,1795.0814634801184,42,324,Groceries,87.53866088135419,0.9277457330754073,Medium
142,32,Female,1918.0899386245533,19,48,Clothing,20.99884856799918,0.867702097919239,Low
143,32,Female,4939.482862306683,32,111,Groceries,114.49433464573671,0.7076205857405353,Medium
144,43,Male,296.5350379211642,25,153,Groceries,101.34304410433948,0.10621382758845621,Medium
145,59,Female,4348.454330999998,38,123,Groceries,76.28896673724566,0.775877254469693,High
146,30,Male,2935.509502004728,20,357,Electronics,96.24097875790471,0.807957328109019,Low
147,49,Male,2249.215554028993,48,102,Electronics,161.9005652320768,0.7677646177143377,Medium
148,56,Male,3653.762536034169,41,241,Clothing,39.35150290443673,0.11396588711924116,Low
149,49,Male,2484.677812981044,42,321,Toys,8.948789548435766,0.6439079570677647,High
150,21,Female,4379.773866600137,40,191,Toys,155.79135482234267,0.8343247957493986,High
151,47,Female,4513.439133655167,8,217,Toys,105.99548941788363,0.5773534012196677,High
152,54,Female,2166.4325416799315,23,51,Clothing,160.86522970582243,0.646407375228089,Medium
153,40,Male,1456.4562064517527,36,292,Toys,109.4654140973052,0.4583634794263062,High
154,56,Male,3002.516610107475,48,81,Toys,146.77819074294794,0.5287073198840526,High
155,62,Male,4570.5803935217855,40,88,Groceries,80.19283858715089,0.034376858351725215,Low
156,32,Female,1132.2447261277662,16,194,Electronics,136.22548797544704,0.6389630219732846,High
157,60,Male,3152.5362594610656,23,104,Electronics,164.7822567057248,0.08144721289115919,Low
158,46,Female,3194.645078453351,20,271,Groceries,105.1215186513861,0.4350145943402234,Medium
159,53,Female,3692.253809834877,38,96,Groceries,36.63740134841642,0.2926550976674078,Low
160,30,Female,744.681657123573,40,198,Groceries,52.03958263028468,0.5454279502117131,Medium
161,49,Female,3607.542326942234,38,1,Electronics,39.76280095704601,0.13341633552320709,Low
162,24,Female,4554.259351261641,12,167,Toys,48.19997982925326,0.6916434019733182,Low
163,39,Female,980.4472334641856,10,126,Groceries,58.62270363643137,0.7950115369284704,High
164,45,Male,1263.9622921270004,45,313,Clothing,102.14841268180798,0.1633544497431565,High
165,19,Male,4859.835960804034,18,81,Groceries,107.89853515617074,0.10431308735188216,High
166,59,Female,986.7870682764999,10,251,Furniture,79.63745576732569,0.14551548278735915,Medium
167,62,Female,4286.486957510938,12,169,Groceries,112.6986364686462,0.8771275618985017,Low
168,23,Male,2512.1614965953704,45,73,Electronics,19.275611981989037,0.5281892617563562,Medium
169,45,Female,1311.4322645755676,44,141,Groceries,20.362941485177995,0.4672609960075026,Medium
170,45,Female,4366.674516235305,0,70,Furniture,35.07015556259023,0.10671181910235428,High
171,61,Male,2281.995749513061,39,262,Clothing,95.66356215706033,0.6495560067569618,Low
172,61,Female,2622.6050342554818,43,340,Toys,42.449068772204875,0.8679995918950899,Low
173,37,Female,1860.2435100588518,18,308,Groceries,54.57477061120103,0.828185869323453,High
174,47,Female,3005.4591720311446,11,245,Furniture,75.05474633027396,0.6260547089808013,Medium
175,28,Male,901.2669756666115,7,3,Furniture,147.07657170181648,0.07527871665167363,High
176,45,Male,2016.2995295936275,7,337,Clothing,7.425873784750521,0.11239702717601296,Medium
177,42,Male,4850.120379442908,44,63,Electronics,118.64129354140893,0.049308987109824676,Medium
178,56,Female,1364.853820235525,11,49,Groceries,122.05339293211993,0.2574792164924693,High
179,50,Female,3318.0096562523318,47,76,Furniture,144.7647615624114,0.13566146716037775,Medium
180,18,Male,1693.4313147010048,32,175,Clothing,168.2317643355548,0.2600480402524339,Medium
181,44,Female,3890.018315864343,44,109,Toys,8.52412356612572,0.3850580557189617,Medium
182,30,Female,741.2809375199141,25,183,Furniture,31.912148464812834,0.9429827840711357,Medium
183,58,Female,4852.123120884869,38,192,Clothing,160.0799764597988,0.6103760597816921,High
184,20,Female,2323.5687527798323,27,65,Electronics,85.24074838272769,0.8349737856829623,Medium
185,56,Female,1256.6472703976733,4,337,Electronics,103.80336181335612,0.7103515007123322,Medium
186,23,Male,460.134061917062,7,271,Furniture,121.02976065155079,0.11250313052663174,Medium
187,25,Female,931.8137349289497,24,100,Furniture,123.83665578673654,0.7359204063739488,High
188,44,Male,2646.8923479244863,26,32,Groceries,168.05457058038894,0.27509888155912443,Medium
189,26,Female,1751.315564513303,45,352,Clothing,179.4661480470422,0.6391078469947064,Low
190,54,Male,4161.528492824787,22,128,Furniture,131.02755566291455,0.3409619736429885,High
191,50,Female,2211.348865942849,29,339,Groceries,55.263711610901396,0.9976722632646592,Medium
192,59,Male,1318.6999356793865,44,43,Groceries,158.95667040151014,0.2635514794967778,High
193,61,Female,3124.0104343597473,46,78,Furniture,13.613660044633281,0.27913047077426967,Medium
194,41,Male,3563.2083627386846,22,314,Electronics,45.43914925303684,0.9306722555623983,High
195,32,Female,918.5053487146544,48,289,Clothing,162.04250055615012,0.02464440463632267,Medium
196,49,Male,921.3341598127565,46,270,Clothing,49.83351502688711,0.6966889878731969,Medium
197,49,Female,279.68999197436057,19,162,Electronics,43.613935433805985,0.7253263907358781,Medium
198,41,Male,3708.3698738216385,17,189,Furniture,29.171926299543266,0.8363785774103993,Medium
199,58,Male,3352.642185346845,17,247,Clothing,155.3445575882104,0.9744393106384753,Medium
200,29,Female,2425.691291174088,1,216,Furniture,92.51019535844017,0.9756019191566524,Medium
201,56,Female,4236.435199949066,3,315,Furniture,123.10631053447709,0.0652767575664639,High
202,19,Male,4047.7837494552605,29,339,Groceries,46.83661721313019,0.8218393227529025,High
203,20,Female,2968.2363855440854,32,168,Electronics,137.65707367696288,0.6463099336573813,Low
204,54,Male,4354.529274514967,35,339,Furniture,138.00097036836723,0.6473421343730912,High
205,34,Male,1108.6219291801644,17,193,Toys,59.704654358952524,0.1283499266146948,Medium
206,19,Male,648.4061350488666,36,283,Electronics,76.8694607767995,0.6501871664456533,Low
207,19,Female,1421.773096433249,18,336,Clothing,41.69579855028515,0.9824825806012478,High
208,45,Male,379.7255948376428,46,13,Groceries,175.89817908150826,0.911818569539447,Medium
209,40,Male,2702.7306872050567,27,240,Clothing,117.98045098522203,0.4391306608048505,Medium
210,54,Female,4689.367892245311,39,320,Clothing,168.5451791252152,0.03994797328609434,Low
211,49,Female,292.7833492756973,19,147,Electronics,58.0924701350983,0.36229349000020483,Low
212,50,Female,698.3385786491314,48,204,Clothing,141.8309097744557,0.8263903116005552,Medium
213,18,Female,2315.775238588833,32,80,Furniture,139.02526267982986,0.701499101465166,High
214,36,Male,4675.987585886734,11,43,Clothing,126.03973907664476,0.4593436555939564,Medium
215,19,Male,1649.1649143860775,14,89,Groceries,173.98682067169008,0.055101535158831094,Medium
216,61,Male,2585.450562573123,40,148,Groceries,73.87218381860522,0.4268947278233026,Medium
217,43,Male,303.70700934692127,38,95,Toys,27.875531628207526,0.4690249397178835,High
218,49,Female,826.8816847142355,1,151,Groceries,122.54905036771063,0.928555532894136,High
219,23,Male,4934.48760249835,28,2,Clothing,132.6292150835111,0.6410861035821595,Medium
220,49,Male,4829.081612536623,40,22,Groceries,105.63560035529257,0.3116529166546489,Medium
221,21,Female,124.20590657860711,9,313,Electronics,41.19313129834435,0.5253182644507214,Medium
222,28,Male,4763.877748573871,1,328,Groceries,93.2797897921372,0.06605530782216007,Medium
223,34,Male,3231.687695295952,10,7,Furniture,59.633203899597646,0.9725682356497368,Low
224,55,Male,4352.799643148109,12,206,Electronics,79.80664242917058,0.360059901930726,Medium
225,41,Male,2328.2252926059095,9,114,Toys,117.91325077281618,0.4778673549131358,High
226,22,Male,2626.420540038326,13,272,Furniture,135.41257997089605,0.3552839742369226,High
227,51,Male,2495.348243258909,17,83,Clothing,45.63932090773505,0.6825117301162001,High
228,23,Female,3367.6348619759115,8,179,Clothing,75.93193811321683,0.662232158329593,Low
229,39,Female,784.2911483059332,38,210,Clothing,52.10327492353511,0.7153223105291356,Medium
230,28,Male,246.87059037612198,27,328,Furniture,39.760532425827094,0.26814322961192083,Medium
231,33,Male,1608.8567137968355,2,124,Furniture,142.0927634992717,0.315668481164066,Medium
232,50,Female,3552.935737409569,19,113,Furniture,164.11922152647367,0.12525123109620795,Medium
233,26,Male,1089.081915402447,5,12,Electronics,69.79063249480093,0.6555099718461126,Low
234,23,Male,3399.818923292095,26,126,Electronics,136.4738117654092,0.03979712733565255,Medium
235,33,Male,4852.569025925625,1,53,Clothing,161.97417563877195,0.5976823355234591,High
236,46,Female,560.1135073681501,28,331,Groceries,153.07173684279053,0.8696958848516338,High
237,20,Male,3395.7503793031187,37,283,Clothing,36.992342994364535,0.8908321482896335,Medium
238,37,Female,2274.3760745923987,2,140,Toys,172.35107926483823,0.4490377603699617,Low
239,53,Male,4353.897046449776,15,97,Electronics,70.91837707515593,0.45930368821307377,Medium
240,36,Female,968.0339682921909,29,5,Furniture,64.36711570542136,0.07696918300801736,Low
241,43,Female,3493.867165908206,39,57,Electronics,15.925482273611559,0.6707650254430357,Medium
242,20,Male,4206.76491927574,1,334,Furniture,90.08038946835453,0.8212594203728455,High
243,36,Female,4728.609675422714,16,69,Toys,24.077382737162523,0.24465505460471304,High
244,37,Male,3447.9153386192643,40,118,Toys,48.494468662299546,0.42130088163336465,High
245,49,Female,2536.156343641294,11,59,Electronics,60.46495880927424,0.8388393367652703,Medium
246,24,Male,3127.451476985948,34,33,Furniture,146.5446066110447,0.877120467662288,High
247,58,Male,4357.634423945719,42,318,Toys,158.21051381928189,0.24317998026422594,Medium
248,50,Female,2895.9877585302656,0,50,Clothing,57.931605555757194,0.5505706345413642,Medium
249,57,Male,248.8965925145006,44,19,Clothing,155.27217121780043,0.19249315063582706,Medium
250,56,Male,4661.648607984192,14,214,Furniture,155.01541403971345,0.10187876413955654,High
251,35,Female,3478.6810800546496,25,197,Electronics,138.81391631735286,0.9111205013919575,Medium
252,57,Male,3414.915590308508,36,47,Toys,30.67164495265677,0.8205075042321092,Medium
253,18,Male,1156.808246748814,20,167,Electronics,125.80649820762757,0.7600349018031739,Medium
254,28,Female,3328.53880414002,48,289,Clothing,170.37921130159953,0.04876631881314042,Low
255,45,Female,2029.9355877053765,30,141,Toys,124.44458378425249,0.8437287927102575,High
256,42,Male,3291.0415875033113,24,84,Electronics,63.03294859387094,0.43804407590538375,Low
257,40,Male,622.3058485091545,22,182,Groceries,92.60138055039548,0.34239512329585964,Medium
258,48,Female,3323.4419925548764,23,79,Furniture,118.00188258643439,0.5464763610253764,Medium
259,47,Female,4997.127256276266,37,215,Furniture,94.34982152748812,0.09135324272355583,Medium
260,59,Male,336.2389904167245,27,14,Groceries,25.991764802919718,0.7566465493523988,Medium
261,52,Female,4888.153502684455,20,215,Clothing,59.611207814103615,0.5824350768882959,High
262,24,Male,2093.849007542066,42,128,Toys,145.4193053468857,0.18659009687316752,Medium
263,33,Male,4366.69190665257,17,310,Furniture,155.74815806671555,0.1882321997690456,Medium
264,43,Male,3933.68887188554,35,248,Groceries,29.027505725224792,0.18424865157267423,Medium
265,19,Male,2878.379678834672,34,29,Groceries,171.6676816697768,0.057002387551933986,Medium
266,18,Male,3718.4011253314998,44,280,Clothing,62.543958123506634,0.5877984493716848,Low
267,29,Female,4404.726250376605,8,338,Clothing,120.904904277876,0.8403481775885081,Medium
268,22,Female,2080.2875760900615,37,319,Electronics,136.5694005424192,0.0174982139873886,High
269,54,Female,1702.4624916598696,29,202,Furniture,147.0905910616296,0.04900464497127355,Medium
270,49,Female,3371.2075892615653,43,361,Electronics,170.50619788953776,0.5727702766869458,Medium
271,26,Male,4058.445115512167,33,57,Groceries,59.76092090504395,0.8194956853860523,Medium
272,58,Male,3835.197160405417,31,218,Toys,155.23862954652205,0.3267388905686336,Medium
273,52,Male,4009.286879407309,2,62,Toys,28.045208101336232,0.34961439880772216,Low
274,36,Male,2234.3582425833715,2,157,Clothing,128.3821586118787,0.5963464974967759,High
275,33,Female,4107.387659257605,27,202,Toys,134.84610266494752,0.274212889124147,Medium
276,20,Male,689.0243713159814,43,17,Toys,123.60156721023108,0.02660836607768413,Low
277,37,Male,2767.9965800081627,14,322,Toys,49.15507882365177,0.7352285181015961,Low
278,41,Female,128.2174364407957,40,6,Groceries,157.78255072766058,0.6256499129414531,Medium
279,50,Female,1690.4705665113245,22,58,Toys,34.55023108981912,0.5807559990556591,Low
280,41,Female,1895.6615208698495,39,325,Toys,14.386088516145396,0.7416841289918231,High
281,28,Female,2041.2461888853513,10,318,Toys,130.55637335708462,0.6752308375620375,Low
282,25,Male,3507.7893127803245,47,169,Electronics,88.2082501657284,0.20588198817832115,Medium
283,53,Male,2003.934696224694,31,82,Groceries,153.59215349276832,0.35248104694335114,High
284,55,Female,2298.5987508504004,35,219,Clothing,72.09449968519532,0.126110141678625,High
285,57,Male,1263.9662412842047,32,177,Electronics,34.44875298884975,0.12985701341788103,Medium
286,37,Male,1928.9337789837664,23,204,Furniture,151.3773836822272,0.6761957463565392,High
287,52,Male,1213.6211735894422,38,71,Groceries,101.05918553701254,0.8586001069824982,Medium
288,42,Female,458.66002646537385,33,266,Groceries,38.1092636683121,0.962732583861139,High
289,52,Male,3056.8981075687516,27,98,Furniture,131.067199752628,0.6283471175494444,High
290,42,Female,3374.24271291958,36,345,Furniture,94.44488673566259,0.18410132336095697,Medium
291,46,Male,3135.502695447111,6,291,Furniture,110.75477189205597,0.1056503454489307,Medium
292,35,Male,2371.1208146228046,3,208,Clothing,85.65720918615183,0.8128509715367578,Medium
293,63,Male,1960.9503228782262,36,2,Toys,150.02407216815112,0.5787564763599993,Medium
294,35,Female,4330.334882901943,0,124,Groceries,150.17347524453373,0.6182850210137198,Low
295,19,Male,2643.5007471674685,0,280,Toys,129.14304381926758,0.7814620887547092,Medium
296,52,Female,2447.9912003856816,46,74,Toys,23.445241044380897,0.7032772277324516,Medium
297,33,Female,225.64612245153486,19,166,Furniture,151.79942583321204,0.8344582528560966,Medium
298,58,Female,1772.1143553681661,18,22,Clothing,122.42727159325922,0.05621390545987848,High
299,53,Male,1962.9585320506997,28,154,Electronics,126.97922905075241,0.7475206367465048,High
300,50,Male,2054.2316263948123,9,295,Clothing,68.52199707067754,0.8508527573220954,Medium
301,21,Male,2942.8446092139284,17,219,Toys,158.87392232747618,0.28613504245831434,Low
302,50,Male,2714.652478961704,27,157,Clothing,131.94003004110004,0.6404472739932529,High
303,31,Female,3078.7349546878786,34,230,Furniture,24.703331642609033,0.3141620638369721,High
304,38,Female,3847.9279815564287,42,20,Electronics,76.36115602107847,0.957971066482454,High
305,37,Female,4083.630119708858,46,41,Furniture,160.1165633430248,0.03342357243550376,Low
306,25,Male,3618.8030735098228,30,148,Electronics,13.259422797041324,0.579792843832955,Medium
307,24,Female,4782.06611017918,26,108,Toys,173.24790843735866,0.1665035470495151,High
308,20,Male,189.339655114172,10,84,Electronics,123.85344945592348,0.7122202051771587,Medium
309,34,Female,1059.3121298493759,48,322,Electronics,115.49079608759091,0.17589028341866209,Medium
310,50,Male,137.0580873928964,48,309,Electronics,52.347869885398495,0.23538326189835757,Medium
311,29,Male,3272.6260993575547,37,290,Clothing,48.538563029355984,0.4943708110457581,High
312,39,Female,4500.349689854936,4,323,Clothing,169.8601884105042,0.9148349499968781,Low
313,39,Female,1293.0632532238665,7,134,Toys,57.19767949097148,0.21171437214797084,Medium
314,63,Female,4642.469269501903,33,207,Electronics,140.71342692582488,0.14424002111810352,Medium
315,47,Female,395.31021241884815,47,283,Groceries,73.79631468623886,0.7589768318540306,High
316,55,Male,4678.73653134702,11,266,Toys,29.369462387323196,0.500619532333931,Medium
317,55,Female,1822.9511674742087,37,73,Electronics,6.875177096687816,0.9117851123817714,Medium
318,62,Female,596.9620594011609,0,352,Electronics,100.2450339776689,0.14661455715984228,Medium
319,25,Female,2480.7716200129958,30,48,Clothing,175.76129324606322,0.6459278930230393,High
320,44,Male,1358.205181830489,3,326,Toys,69.59883391661079,0.23287914615181504,Medium
321,44,Male,1495.8772196134219,48,233,Electronics,67.50865844878285,0.1567604286516393,High
322,51,Female,1605.720828138804,44,100,Electronics,65.21603312365237,0.6834294151572705,Medium
323,38,Male,4034.8268993800507,49,59,Toys,96.09517152835022,0.5936846199087332,Low
324,47,Female,2741.890255708747,4,258,Groceries,82.11635459925137,0.7548274583623312,Medium
325,50,Male,1625.407725864418,29,65,Toys,158.98505967722753,0.30946257644618236,Medium
326,45,Male,3090.6355382235,23,83,Toys,93.4661385516108,0.44797165638218994,Medium
327,64,Male,3609.1383036936486,2,154,Groceries,93.85762168299954,0.4054716763304185,Medium
328,50,Male,1435.8576035943154,10,266,Toys,29.215029076097405,0.9840894639665142,Low
329,22,Female,2126.3905974742224,44,309,Electronics,176.97941965931753,0.2922489567393879,High
330,36,Female,697.241857351043,3,79,Toys,48.745255902045194,0.2948172383467669,Medium
331,21,Female,987.6318127199336,25,315,Groceries,17.838711805430467,0.3545482088286074,Medium
332,52,Male,3437.4774844284157,26,150,Furniture,121.05059357066153,0.5645940812903215,Medium
333,34,Female,989.047903708572,45,48,Toys,109.18911477745272,0.25232274426374524,Medium
334,61,Female,2673.300579968595,42,248,Clothing,77.6504894487305,0.9152899403792739,Medium
335,45,Female,3574.32668243992,26,278,Electronics,78.88364092911866,0.2656855648662635,Low
336,47,Male,623.6969231642448,41,356,Electronics,142.38618618312546,0.8958157315601947,Low
337,46,Male,2879.8298761816272,49,98,Clothing,39.24971201743858,0.10347506364658465,Medium
338,63,Male,1357.1576401366824,5,25,Clothing,148.5443308153557,0.6565627023996523,Medium
339,23,Female,4818.341688664141,14,284,Toys,118.53074493162818,0.9069855184382437,Low
340,52,Female,2469.373668927631,29,301,Clothing,78.31971041141676,0.16874943839822953,High
341,58,Female,4049.3634938982746,41,68,Furniture,85.155007902177,0.968326960099255,High
342,54,Male,2796.1100565656825,36,7,Groceries,49.91326125756677,0.4528833604155117,Medium
343,41,Male,312.7214109886139,36,305,Clothing,136.62000822197058,0.9457151084410245,Low
344,46,Female,3202.4417404107094,41,137,Clothing,94.75307990342186,0.676820043630047,Low
345,63,Male,4761.876376812619,36,164,Furniture,61.14954498122263,0.30158686987355154,Medium
346,48,Male,3047.897918717023,34,83,Electronics,109.30877025816629,0.18830252491710642,High
347,52,Male,4114.025411191272,22,138,Electronics,179.25352910898152,0.3037350462250994,Medium
348,50,Male,4432.611670407198,5,73,Toys,81.17089893989692,0.09301740926267499,High
349,38,Female,1217.590882549769,3,237,Furniture,166.12099513625841,0.14386796634332977,High
350,49,Male,1139.0197155503106,17,46,Groceries,65.37794698679906,0.10466044034648114,Medium
351,40,Male,3093.8068453698593,8,106,Groceries,14.57822371187253,0.42294354374155774,High
352,50,Male,2114.039502052853,48,288,Furniture,40.742368614475055,0.7955783762575864,Low
353,20,Male,4215.32038404693,28,262,Groceries,78.27165008234473,0.1413835542163402,Medium
354,35,Female,4510.113304650255,12,176,Electronics,43.436112504049575,0.13032043317233588,Medium
355,42,Female,1831.7647585833188,46,166,Groceries,5.039731688194719,0.6434289495173308,High
356,59,Male,1260.665738974962,16,145,Groceries,165.12526910581727,0.19718298196806627,Medium
357,48,Male,3924.575024694923,44,330,Furniture,152.67889696541258,0.0976100381089916,High
358,20,Male,1446.549574185867,31,283,Furniture,134.90114051021575,0.16684857820557764,Low
359,57,Male,4130.810160717025,47,54,Groceries,34.36755423805501,0.9237313958767761,Low
360,63,Male,2176.317442878938,21,178,Clothing,26.06362583674756,0.8214712527761908,Medium
361,41,Male,3370.9945065282054,3,244,Furniture,16.83083115766705,0.3540645623550941,High
362,49,Female,568.123037789874,4,341,Toys,131.70510803526122,0.6558207673273928,Low
363,64,Male,3156.910690915208,36,127,Toys,167.54139312037992,0.5372756736680381,Medium
364,39,Female,2313.6616258124227,40,271,Electronics,80.34376865978147,0.6771242634825639,High
365,40,Female,2974.381469559823,48,132,Groceries,25.849617599308427,0.6826711524627593,Medium
366,19,Male,923.2696179498307,12,93,Clothing,94.66874362811865,0.6287340150599929,Low
367,44,Female,3710.681350226492,33,73,Electronics,66.04558380526026,0.2661013685373086,High
368,59,Female,4327.705679961819,44,248,Groceries,70.5943617612496,0.03900642076281813,High
369,19,Female,1162.0250204448007,21,348,Furniture,113.73285922724877,0.4555667819901088,Low
370,43,Female,569.0013220487924,22,273,Toys,130.7756698208854,0.8909738846907038,High
371,34,Female,215.82907162704834,2,43,Clothing,24.355629802803147,0.5694972585185759,High
372,57,Female,3245.6603521720035,41,41,Toys,11.228290391133367,0.8323910417019079,Medium
373,50,Male,3074.760776835026,33,170,Furniture,179.0078029700001,0.9916243429612281,Low
374,26,Female,2778.817322298943,31,212,Groceries,45.72746106022157,0.16361620413827627,Medium
375,60,Female,1236.5407709682795,44,168,Furniture,14.420341858980338,0.6917776391419823,Low
376,56,Female,2015.4393799370218,48,39,Furniture,38.228182591785995,0.6742935737000246,Medium
377,46,Male,3012.934042412248,20,245,Toys,11.817623110981238,0.9799554473582784,High
378,59,Female,2534.15760840993,45,151,Clothing,73.56690655800504,0.9856007339528003,Low
379,43,Male,4940.149049052948,43,111,Furniture,145.42031227898175,0.6866786117241295,Medium
380,52,Female,768.5547875279923,20,47,Toys,64.7177787076011,0.24361479198219427,High
381,42,Male,3506.2083148332094,43,63,Clothing,82.73209620371415,0.798555838130599,Medium
382,41,Male,2081.1619637110316,10,225,Groceries,123.22768537430179,0.1070291342110381,Medium
383,30,Female,2198.1781131355124,38,69,Groceries,94.05646226222903,0.7806993041716287,High
384,24,Female,3616.2290517250635,3,299,Electronics,155.75299505373172,0.9101961241446964,High
385,53,Male,3492.9371414894113,0,290,Toys,156.5562431330074,0.38283339476843525,Medium
386,62,Female,4957.154369140722,27,296,Clothing,6.734371710951887,0.6306352949830805,Low
387,37,Male,729.1320183252136,23,203,Furniture,141.15810363455986,0.4301427320968263,Medium
388,18,Male,610.1372819824151,34,61,Groceries,85.62838004229293,0.43776505498812845,Low
389,25,Male,3649.2602039308317,12,318,Clothing,178.04709472814105,0.31037088910812005,High
390,63,Male,2934.0958933314046,46,314,Toys,89.56561327820116,0.7621296204503246,High
391,33,Male,1443.3872661430487,33,161,Electronics,177.70679044295207,0.9361765641665052,High
392,31,Female,489.1549080460344,10,331,Groceries,137.0496382110039,0.9407508592344611,High
393,29,Male,519.7254230225096,35,16,Clothing,48.5058548073286,0.17478128487493383,High
394,40,Male,4481.535285854179,16,338,Clothing,99.2191213752176,0.874743649656566,Medium
395,32,Female,1040.1498911218403,34,94,Clothing,178.623736908752,0.7374314414271221,Low
396,45,Male,1684.5206543660518,17,304,Toys,155.06785635658665,0.25283740069028926,Low
397,51,Female,1210.6163709122413,39,138,Toys,22.039206413463692,0.06728461292151455,High
398,19,Female,1839.4818985764928,21,338,Toys,128.6150994417493,0.26799726688437797,Low
399,49,Female,440.1768294558575,23,38,Furniture,65.47642752739227,0.9122082367815256,Medium
400,40,Male,2643.392975450525,18,127,Clothing,6.22189582906092,0.6331786748957723,High
401,39,Male,431.301561601853,36,275,Groceries,75.60916957972493,0.7210546608978718,Low
402,42,Male,4021.7468883295714,38,164,Toys,46.08202380186998,0.25715235110909584,Medium
403,39,Female,1245.1892013611218,20,319,Toys,148.3021223410825,0.7193881555748203,High
404,39,Male,2746.058381562102,7,77,Clothing,64.03285654800897,0.028121506277923758,Medium
405,59,Female,4412.387529051145,27,174,Toys,149.81664644191798,0.3753213457730138,High
406,23,Male,3289.2991083312513,4,358,Furniture,5.104639296089179,0.6267533485423312,Medium
407,32,Female,2711.493154101543,16,321,Furniture,58.868351254570854,0.14609656554132022,Medium
408,60,Male,1689.2353902653404,36,91,Toys,47.20391250385834,0.8230035744469347,Low
409,54,Male,1731.7093739851698,35,238,Clothing,45.87428818700692,0.23503129881191864,High
410,50,Male,3380.4860804711316,18,264,Clothing,16.93265845895597,0.6522811128184463,Medium
411,25,Female,4971.282869983721,26,179,Clothing,37.7467473218378,0.4051971425753297,Medium
412,61,Female,3343.0120302619553,33,209,Electronics,102.22117472998347,0.5960435954776472,Medium
413,61,Male,2833.1387451131222,10,73,Toys,55.988187746605284,0.10745055262890812,Medium
414,22,Male,3680.187500172306,44,107,Clothing,78.04408690760089,0.016912799921607324,Medium
415,56,Female,2379.507500190219,46,345,Furniture,70.95170406075799,0.9095644273803012,Low
416,21,Female,394.69747874384757,11,295,Groceries,158.28336187498155,0.2696300087671828,Low
417,23,Female,2855.254397801758,20,284,Groceries,163.42732482684022,0.8196770027804591,Low
418,62,Male,4792.363894076363,10,353,Clothing,91.2674700397755,0.9993503004722002,Low
419,49,Female,958.9844175525322,38,182,Groceries,62.77729130523077,0.21143125799891116,Medium
420,47,Male,3481.023965021262,27,37,Groceries,23.690123200413638,0.2651707411833556,Low
421,64,Female,1084.5750744293769,4,137,Electronics,171.84550389186663,0.6628597876346657,Medium
422,52,Male,2725.5556539180984,16,338,Furniture,15.539715357552055,0.9654486346006212,Medium
423,57,Female,573.7146032689261,19,56,Furniture,57.08879857444908,0.9158143481907439,Medium
424,33,Female,2306.817587665107,40,187,Electronics,57.16158520475073,0.5028755200655849,Medium
425,30,Female,3805.2003115867055,45,341,Electronics,61.07022507453761,0.7951102825267247,High
426,59,Female,1803.1004687710122,11,258,Groceries,33.750197572671624,0.13574585309990106,Low
427,47,Female,3358.0674499873685,5,58,Toys,142.053250411647,0.9774381842040123,Medium
428,36,Male,3997.704807869673,16,363,Groceries,26.437125844048115,0.9643532340359865,High
429,34,Female,4643.171315449318,18,123,Electronics,116.1086653518035,0.16372895787917097,Medium
430,36,Female,1249.7462010917225,25,188,Furniture,26.673054673518056,0.2994231248031066,High
431,45,Female,2056.6479874656097,47,230,Groceries,17.3437365787674,0.10015499750676693,High
432,43,Male,846.8384653190454,43,168,Toys,164.1501631450284,0.2717175988981797,High
433,54,Female,4963.169160576039,43,114,Groceries,38.272534105773495,0.8159557894152066,Medium
434,43,Male,4642.304742829047,31,252,Clothing,148.71877704794827,0.37831560716525947,Medium
435,40,Female,2745.789938374742,5,107,Groceries,100.31040244374877,0.08839696714675838,Medium
436,26,Female,4225.963142444464,35,37,Electronics,18.62489093153468,0.34222552477890456,Medium
437,29,Male,2652.6940886330067,37,335,Furniture,172.2034335016618,0.9813833342412801,Medium
438,18,Female,3155.5698712135227,10,92,Furniture,48.21820422358119,0.6296835952592029,Medium
439,18,Male,536.7097173684814,32,18,Electronics,155.43793543670614,0.41616094640615775,Medium
440,64,Male,3800.825060434359,23,354,Clothing,34.54175101229873,0.16653851349727,Medium
441,51,Female,725.7960698126507,22,63,Electronics,154.44000437482424,0.9861767972836948,High
442,49,Male,4147.731388237389,14,150,Groceries,7.315042258426447,0.8208490092631288,High
443,42,Female,3931.937629584891,26,139,Electronics,94.56157989965912,0.2814773024509194,Medium
444,57,Female,3572.8490189405848,10,186,Electronics,139.65245139877243,0.07006869572118946,Medium
445,62,Male,277.1858645713344,49,185,Clothing,168.5892155612371,0.05662555737755803,High
446,18,Male,1585.32894413211,16,205,Groceries,164.11037383613524,0.12037814950553383,High
447,33,Male,1389.25159256313,13,260,Toys,148.43435217083785,0.5807685836144216,Low
448,56,Male,1864.6683966104436,26,214,Toys,160.43348619072822,0.9287634212054924,Low
449,22,Female,529.4494591428088,17,256,Furniture,39.86344502148839,0.4967434280059845,Medium
450,39,Female,4691.093332852208,27,135,Electronics,54.73225174955253,0.8429454824561972,Medium
451,46,Male,2813.6309794906438,46,61,Furniture,55.56949186118524,0.4458866198598078,Medium
452,20,Female,1597.0691222243154,46,363,Clothing,70.9844379252973,0.7085835457678252,Low
453,29,Female,2045.2094336639886,3,310,Toys,73.83111731740802,0.7318727372865008,Low
454,43,Female,2291.2924484736945,6,88,Electronics,100.2971818145682,0.17396370590333865,High
455,33,Female,3042.9122334670246,44,324,Clothing,32.978958589127245,0.36121605897581177,Low
456,54,Male,2626.829195712839,34,207,Clothing,125.96816616254813,0.6373021565380239,High
457,39,Male,4605.020668750645,47,129,Electronics,34.324144378288636,0.07069660818436618,High
458,46,Female,2535.1210662385683,8,311,Clothing,59.303984368295815,0.3615401877629566,Medium
459,31,Male,4961.574272634232,7,3,Electronics,93.08539785607695,0.5347994662811925,Medium
460,45,Male,4271.982292950969,44,242,Electronics,144.37709826660853,0.9962244930446387,Low
461,22,Male,1121.7015203509454,16,121,Groceries,134.40711581677726,0.47453356262244073,High
462,64,Female,4659.91655175519,16,102,Furniture,117.9685123718414,0.8160567571143236,Medium
463,47,Female,670.1953496388328,48,38,Clothing,32.26032060152978,0.43206728506661773,Low
464,63,Female,4105.503571606839,32,341,Clothing,100.7329354827261,0.7963907226197089,Low
465,22,Male,1965.0541380352424,31,133,Groceries,20.303137814979955,0.5954148016201084,High
466,29,Female,4402.07417018084,7,202,Groceries,71.03855593941388,0.8865954415023983,Medium
467,33,Female,4353.477781526507,18,348,Groceries,77.36539280074285,0.4109425523501099,Medium
468,43,Male,4049.0344605763435,37,21,Toys,11.96700190300692,0.6043044198214789,High
469,43,Female,3971.1491379046006,2,242,Toys,52.94791740724507,0.6300186806188274,Low
470,38,Female,1592.9277815803998,4,109,Toys,172.23865677163565,0.4173829418004733,Low
471,56,Male,496.5044869511357,12,303,Electronics,171.88570637019566,0.14431204368748152,High
472,53,Male,2074.602875949291,46,84,Clothing,66.65723449419437,0.09355940691233555,High
473,50,Male,950.2701234338925,45,83,Furniture,12.54251906595671,0.0166715505996331,High
474,47,Female,3505.2603356220625,30,291,Electronics,36.34161438243177,0.8735342642452146,Low
475,54,Female,1795.888660035149,15,69,Clothing,73.63811385086952,0.23647491223869455,High
476,40,Female,4880.489984213583,49,129,Clothing,170.8614471446152,0.21150674928176805,Medium
477,27,Male,3240.763178992127,31,196,Groceries,29.70983611900736,0.7360354004260655,Medium
478,22,Male,4130.154761808369,21,140,Groceries,138.61527264193714,0.32001611308739175,Medium
479,53,Female,749.3708964350573,28,283,Electronics,24.019444390571113,0.5060446924118366,High
480,51,Female,4323.870963135851,21,312,Groceries,176.72007604347345,0.1625110652974563,High
481,48,Male,4621.5102335156325,42,234,Clothing,71.78288734409863,0.9597457214619692,Low
482,27,Male,2486.603402212786,2,23,Groceries,140.6660443073348,0.8515814000172374,Low
483,36,Male,3070.6393949797894,9,153,Toys,64.95343949194807,0.8637896229650033,Medium
484,49,Male,3847.568024424678,41,277,Groceries,114.84205350279153,0.4067737485720052,High
485,18,Female,956.7092735760215,20,61,Clothing,38.60281482950643,0.7623612137071728,Medium
486,22,Male,2562.573774670868,15,319,Electronics,30.553678376968445,0.14387615538978016,Medium
487,62,Female,2053.4488360843343,11,52,Furniture,169.16122442442298,0.008619002591780278,High
488,21,Female,817.2325615950207,1,344,Groceries,165.58827363327586,0.019972932578028124,Low
489,33,Female,1900.918669228504,40,153,Clothing,160.3070645372544,0.5866017374045605,Medium
490,41,Male,434.04431598891847,23,237,Furniture,114.45085377915386,0.4553949052479408,High
491,33,Male,226.47834405248622,34,311,Furniture,146.4469369628487,0.5180153489085197,Low
492,19,Male,762.3148168586315,29,302,Toys,17.08146395949061,0.007463140417219405,Low
493,45,Male,4819.264046786951,29,32,Furniture,63.58808233086885,0.4226866196574257,High
494,49,Female,2792.694725885583,46,55,Clothing,59.89804683250234,0.7180681612008608,Medium
495,44,Male,4832.528589650778,34,352,Clothing,116.23793134170732,0.44269370196743585,Medium
496,37,Male,2219.2396038176466,18,36,Groceries,67.2926103573621,0.7322192063122223,Medium
497,41,Female,1627.8990521177718,49,110,Groceries,30.98868678764414,0.23301896439683478,High
498,29,Male,2580.095127917196,7,177,Groceries,109.38173819737015,0.8131420044817255,Medium
499,52,Female,2253.6072743012596,25,362,Furniture,147.51718611708927,0.5884312404534523,Low
500,50,Female,617.7569528825452,48,314,Furniture,71.8716115304953,0.21076309942990623,Medium
501,50,Female,3240.0489419820105,39,295,Toys,28.1470251422343,0.23672047585383293,High
502,60,Female,1158.587094297038,6,336,Groceries,39.420434529744036,0.628030464569537,Medium
503,54,Female,3135.980978999365,29,97,Electronics,46.559578404642195,0.8299395932124434,Medium
504,29,Female,3285.9853527509517,6,213,Toys,57.48207877404384,0.4156277820291552,Low
505,20,Female,844.9217803303758,2,317,Electronics,117.4891373386041,0.2583004291275922,Medium
506,18,Female,400.61317284227397,0,137,Furniture,110.16545979410083,0.8670116069106004,High
507,50,Male,3925.7317717353553,35,6,Toys,126.81397577423185,0.6692682917508349,High
508,57,Male,2353.0220764696687,24,109,Toys,68.43784729301481,0.4480854872830765,Medium
509,27,Male,385.0025979768314,36,35,Clothing,149.1995890789962,0.48790019527930184,High
510,60,Male,4974.844954131859,0,39,Furniture,40.71534070225805,0.2042564679363964,Medium
511,61,Female,383.1247488821965,14,150,Furniture,87.08213081567693,0.6268026300648439,High
512,46,Male,3505.6726214069104,36,118,Toys,145.1642762697503,0.35874251054288864,Medium
513,30,Female,4920.026733790727,12,261,Furniture,36.52776335320837,0.9956451766743493,Medium
514,29,Male,1271.9825106580356,39,87,Toys,24.226044904637014,0.48018351526188785,Low
515,48,Male,797.0219065672612,7,76,Clothing,159.6446943453982,0.4858856061896132,Low
516,63,Male,694.7862031699016,4,313,Toys,65.01269098285928,0.5658517874106719,High
517,19,Female,1586.048223081218,8,214,Furniture,124.67727185908059,0.9167560031187467,Medium
518,52,Male,595.1244739521687,0,285,Furniture,9.436005746189235,0.8008180998597503,High
519,40,Female,3491.5905743012463,35,239,Toys,125.75820547165368,0.4511300697978414,Medium
520,34,Female,405.2298108373072,34,165,Toys,60.317729520719844,0.718699265972796,Medium
521,43,Male,2596.1684279339697,1,87,Toys,14.754649377802306,0.5862354987807616,Low
522,25,Male,4983.814583879586,39,141,Groceries,111.71723327092047,0.4923670487012489,Low
523,46,Male,4088.454320579492,22,160,Furniture,47.14066781280532,0.19231577278435052,Medium
524,43,Female,3114.5752473319535,8,46,Furniture,72.691267359079,0.4639362634548909,Medium
525,27,Male,1600.6427418543972,33,112,Groceries,19.10164215013988,0.24581858702257464,Low
526,43,Female,3157.0895978290287,45,45,Toys,30.75356894161543,0.9148421498516547,Low
527,51,Female,2682.503173167093,13,247,Clothing,57.14601621177266,0.33540681349634693,High
528,58,Male,2187.8085810628204,3,104,Toys,20.707912598027498,0.9522640145333723,Medium
529,24,Male,740.4808460269775,29,85,Toys,164.39459632010517,0.5330552900947112,Medium
530,21,Female,4444.360654678287,30,134,Groceries,6.058232557196224,0.6315443786761603,High
531,62,Female,2303.9447792244805,37,108,Furniture,89.67553830125449,0.5429404444893278,High
532,28,Female,1053.6503079217487,10,18,Toys,26.568305173196503,0.1293806169667009,High
533,46,Male,1902.020819298719,34,94,Furniture,58.84384065864099,0.37582121900794097,Medium
534,53,Female,2129.2357873917426,7,150,Electronics,167.06042296819646,0.09914611227762393,High
535,42,Male,4154.935688277685,2,246,Furniture,33.296546822947704,0.6229540441833817,High
536,38,Female,3694.71046475087,13,289,Clothing,174.0206559507082,0.4468741952004389,High
537,53,Female,3869.593978842565,12,209,Clothing,41.0140159731488,0.7779849715709368,Low
538,27,Male,154.05319570037136,44,126,Toys,134.77406898169517,0.22047048099936983,Low
539,54,Female,2139.1545910808313,31,235,Furniture,100.66852135702955,0.16456605842933492,Medium
540,26,Male,2458.5863430130858,33,122,Toys,159.78377732943287,0.4063322309637678,Medium
541,41,Male,194.04215643297778,44,138,Groceries,101.94881971304791,0.9265853832183811,Low
542,52,Female,1373.0847228506677,18,115,Clothing,98.54786335235401,0.7104218150124118,High
543,52,Male,3825.4201332984617,37,162,Toys,39.20515006446998,0.41892362479291867,High
544,53,Male,771.8375580720954,15,201,Groceries,34.09013835904028,0.5172721697543106,High
545,35,Female,2723.019644117699,1,234,Toys,165.38560144521497,0.08421301117709834,High
546,56,Male,1154.4891728844639,39,28,Furniture,62.371684798755965,0.9845758963761131,Medium
547,49,Male,159.39179575507703,16,11,Furniture,70.1143946185068,0.6664073046949189,Low
548,41,Male,1281.8871422377533,33,206,Furniture,137.96914022496796,0.2854040684634225,Medium
549,40,Female,4881.781399059264,41,167,Furniture,64.29410942399129,0.5858083942152443,Medium
550,49,Male,4027.531848226649,15,247,Electronics,171.61092816182548,0.10948236606899397,Low
551,54,Female,4801.925557173064,37,47,Groceries,134.13735957479005,0.9658366688075836,High
552,29,Female,2490.484815239176,1,246,Groceries,109.5501174503485,0.17478498788336594,High
553,30,Male,637.7073735197672,1,127,Furniture,159.15665309533168,0.6480303180552142,Medium
554,40,Male,2785.0014959710957,25,147,Electronics,13.681033961159482,0.24545446253893044,Medium
555,42,Male,2326.4489393438084,12,118,Furniture,49.985971133111526,0.7175613826485358,High
556,52,Female,4237.349705424118,46,152,Electronics,86.38135848865925,0.7768213672402811,Medium
557,58,Male,580.6046458427985,30,72,Furniture,44.72124440751618,0.6734197289114326,Medium
558,47,Male,2492.381571406713,33,363,Clothing,135.1834077778766,0.6144994602551925,Medium
559,34,Male,835.2384570005229,38,137,Clothing,165.86140543440192,0.8924690939520117,Medium
560,37,Male,1690.912041761294,2,175,Toys,79.1597709879116,0.07862671098975804,Medium
561,42,Male,3713.049679200218,7,289,Furniture,64.87320501958162,0.3309147657801952,High
562,39,Female,2432.488833906956,22,19,Groceries,173.2713781240741,0.24828747963084596,Medium
563,30,Female,1941.8525972142697,13,195,Toys,82.84917574481965,0.9880139620654216,High
564,36,Male,2032.933764993173,26,330,Clothing,90.58347007862456,0.3893897796668735,Low
565,53,Male,2351.2891651893347,28,175,Furniture,66.53872765983344,0.7326126992403987,Medium
566,29,Male,3946.5810648015786,38,354,Toys,164.1709827771242,0.6847251638810046,Medium
567,58,Male,4471.214975807148,38,141,Furniture,104.56720957432388,0.21208123747737773,Medium
568,36,Female,4781.139963869248,0,246,Clothing,138.3805527567878,0.23899768021155132,Medium
569,29,Male,3955.826592650946,16,93,Toys,147.06617571140512,0.2812845635530341,Medium
570,26,Female,1645.4937891652623,40,239,Clothing,64.82358233552017,0.4111272782593792,Low
571,24,Female,3471.8600598240564,29,205,Electronics,80.8965079810665,0.2343250656505268,Low
572,45,Male,2244.2553078714204,12,48,Clothing,153.4825605210963,0.019651482746847804,Medium
573,31,Female,1347.8860480256508,20,245,Furniture,68.56968654326678,0.8793930568071955,High
574,48,Female,4220.270739187021,18,320,Groceries,143.938648354074,0.9656098313808841,Medium
575,36,Female,288.2891099153925,18,317,Clothing,169.6736564505265,0.34157038703156795,Medium
576,64,Female,4518.633761463575,24,295,Groceries,114.06181528690122,0.33850687942547286,High
577,33,Male,2361.2395766611976,21,128,Electronics,134.78477530408057,0.007091812774370987,High
578,22,Male,3222.2872363605743,30,344,Toys,145.8920296071986,0.680250688330374,Low
579,52,Female,3330.834218808335,16,282,Toys,152.88193855691244,0.8254398957486287,High
580,29,Male,4486.076929462029,22,17,Groceries,74.1343341249393,0.14660830036000316,Medium
581,42,Male,3219.681442619316,31,71,Toys,13.97110535579968,0.15966634936715074,Medium
582,38,Male,3108.274565324303,9,269,Clothing,75.32834746642942,0.7900832499714378,Medium
583,53,Male,426.5949987473808,9,325,Groceries,122.90734021221571,0.6162907483541447,High
584,40,Male,2640.1993075315,35,282,Furniture,83.81131751163873,0.04486055762771701,Low
585,33,Female,835.8281040035041,7,305,Clothing,136.06855140056976,0.6225469904622817,Medium
586,56,Male,3713.4254667352793,19,7,Clothing,67.47192515701619,0.30891772284376606,Medium
587,62,Male,2609.887411982105,31,314,Clothing,116.08022469320517,0.36872515547084594,Medium
588,59,Male,3433.1161181209313,49,305,Furniture,37.62346584944555,0.7697314182968802,Medium
589,56,Male,304.1972129516829,13,103,Electronics,136.13965141286747,0.8109351926726106,Low
590,31,Female,515.4808786244357,49,309,Toys,100.49679454227952,0.40035662683983064,Medium
591,48,Female,3609.984601507143,27,193,Groceries,40.7112679956551,0.9471529360063548,Medium
592,22,Female,453.2132463934995,45,241,Electronics,56.08445536211627,0.40646271795207223,Low
593,52,Female,449.15796604976714,23,62,Groceries,136.00652400182065,0.7718360352301099,Medium
594,40,Male,159.3315286509485,14,17,Toys,89.45521624076612,0.48387726456425906,High
595,46,Female,4786.856851667452,21,171,Furniture,42.80550206878764,0.897532326522084,High
596,60,Male,3713.7909613491342,29,25,Clothing,174.2724583148021,0.9077612436501786,Low
597,28,Male,1830.9319016601144,3,251,Clothing,130.1468784679554,0.08741680787108386,Medium
598,35,Male,1553.0243483095105,12,253,Furniture,172.4985956944643,0.9364933313102257,Medium
599,64,Male,1813.5458257546627,22,207,Electronics,79.74338293806007,0.8255348415204157,Medium
600,29,Male,3895.802302787791,7,29,Electronics,88.14255962105108,0.7913107143126669,High
601,26,Female,3340.7159942450307,17,117,Groceries,162.14216283237835,0.20091133968552244,Medium
602,27,Female,1007.4582825505929,11,282,Furniture,96.88363454294232,0.8051192087546649,High
603,61,Female,953.1357431370133,30,144,Electronics,128.77380958349175,0.8501327346850368,Medium
604,34,Female,582.1386835956469,13,25,Furniture,49.130253561717744,0.28915033445415095,Medium
605,55,Male,3335.483326536557,33,310,Toys,83.1771320229621,0.9522600783623237,Medium
606,24,Female,3845.426044886506,17,156,Clothing,26.603726516812145,0.04986014639916425,Medium
607,63,Male,1398.7274987925198,33,73,Clothing,41.04650627846829,0.14990925324713966,Low
608,30,Female,202.63030905147278,10,120,Clothing,5.16509767183544,0.5375811380515143,Medium
609,57,Male,502.641170634494,40,312,Furniture,11.87138403851554,0.5757924711223097,High
610,59,Male,4842.514170740649,11,321,Furniture,176.02466905596262,0.6451500833009034,High
611,26,Female,1547.6794096393594,48,93,Groceries,47.4118966489334,0.016969129315466458,Medium
612,44,Male,3869.193424406855,14,86,Clothing,121.07937416320034,0.9603667746221303,Low
613,19,Male,3160.8514873858926,30,336,Groceries,151.842447289932,0.04458809273414399,Low
614,22,Female,1971.5042342991899,48,364,Clothing,101.36558036639875,0.14306195272340239,Low
615,46,Male,1107.86758475822,28,118,Groceries,31.800287514692332,0.01401451752605698,Medium
616,54,Female,694.7934489810915,25,233,Groceries,132.4203765338291,0.5668584332940947,Medium
617,55,Female,3113.5635433904463,17,199,Toys,110.04399676742703,0.9322668839209722,Medium
618,36,Female,3895.7055251251613,31,206,Groceries,132.96885313579065,0.6659471660804642,High
619,25,Male,3255.13084235154,21,339,Furniture,139.70565899999025,0.8226574684804273,High
620,62,Male,2698.480452920876,37,147,Groceries,175.6968143448304,0.013281203458580082,Low
621,18,Male,305.5609948150177,16,271,Clothing,105.37357400467424,0.5420152984797261,High
622,39,Female,4845.595010212481,22,139,Groceries,64.78719472085533,0.4595629775055219,High
623,34,Male,4013.6995391074156,23,181,Electronics,118.48129745754149,0.49896794422079305,High
624,24,Female,1534.8279798347273,49,30,Clothing,16.977124117459574,0.07221318533518795,Low
625,42,Female,4901.854613858368,7,57,Electronics,162.0445307062776,0.6844353610693075,Medium
626,62,Male,3049.2197892179784,40,232,Clothing,25.891676984184436,0.5032204148586344,Medium
627,21,Female,2953.871025215508,5,146,Furniture,62.37249663001819,0.765148849861264,Low
628,53,Male,3765.5585792047073,4,48,Furniture,147.75544160957116,0.48529063406171535,Medium
629,23,Male,4077.671961641674,43,194,Furniture,109.52966620787457,0.14938163622643208,Medium
630,48,Male,3316.745175924363,28,224,Electronics,73.88621604855237,0.648256954077822,High
631,36,Male,727.6691571943801,27,136,Toys,87.85124039062875,0.17238636210516622,High
632,61,Male,1757.5107793730422,10,22,Clothing,154.54579381038155,0.8723945633548149,Low
633,56,Female,4647.6098375976435,0,6,Furniture,64.50076756048112,0.6131162390692415,Medium
634,44,Female,1200.6164980348744,42,204,Clothing,157.18869484213,0.15720388355695425,Medium
635,27,Female,1923.6184168038153,18,239,Electronics,20.42352542092101,0.9623380574812068,Medium
636,43,Male,2217.1767264265604,8,185,Toys,140.93972651151037,0.5183654633353206,Medium
637,36,Male,2253.084449502816,26,360,Electronics,153.32083578457886,0.072898451871655,High
638,56,Male,3103.403954223175,33,292,Clothing,36.818089246534285,0.6268329044150672,High
639,20,Female,4721.0716049490675,43,335,Toys,80.31064316513508,0.2531989070128102,High
640,62,Male,1279.3942879792744,3,220,Toys,33.96246056613973,0.8036934518773025,High
641,30,Female,695.3567438744985,35,116,Electronics,128.6557225739881,0.8178220735661906,Low
642,45,Female,1067.6054003136928,17,313,Furniture,98.68585941078993,0.9789473558546619,High
643,37,Male,4445.93201102542,14,49,Clothing,116.18158567395618,0.5018695310245037,High
644,45,Male,3264.4729820105094,12,173,Groceries,39.38521921733695,0.45495687972773713,Medium
645,25,Female,1500.9432672718847,18,82,Groceries,42.055525859173414,0.7534756054464806,Low
646,58,Male,4098.140000946225,48,322,Electronics,12.262031964233614,0.13247065634192656,High
647,56,Female,4320.712982180837,5,333,Clothing,61.361818659252705,0.5469155137931242,High
648,18,Male,4247.920259582363,47,45,Clothing,102.95531573339312,0.5462476001308509,Medium
649,20,Male,4602.7400148338165,11,335,Electronics,155.13860994953254,0.08947312281038722,Medium
650,30,Female,1335.9809988494717,36,20,Clothing,121.71230330526913,0.41798408550691357,Medium
651,45,Male,3799.7054508567635,16,221,Furniture,81.1943565949565,0.853284798567202,Low
652,42,Female,2356.643536643286,22,123,Electronics,171.7960200189741,0.8561536219946603,Low
653,50,Male,4225.792909161301,25,234,Furniture,130.8679101007706,0.099237664919681,Medium
654,55,Female,3669.6043180919046,28,221,Clothing,167.77891050094624,0.09072088274783086,Medium
655,23,Female,3904.5924878486508,32,323,Electronics,97.32789532262899,0.2626954770019353,Medium
656,61,Male,3315.1930046372504,26,339,Clothing,50.30824808879943,0.8747660625539935,High
657,62,Female,969.4009704015637,24,3,Electronics,14.244670113826349,0.12890258507349894,Low
658,49,Male,2770.631902594998,9,182,Clothing,132.06484900967382,0.7199968026274463,Medium
659,62,Male,4924.88172367009,46,206,Furniture,26.22802465096847,0.10116561961310322,High
660,64,Male,4693.201525835882,22,320,Furniture,57.98564744759425,0.6231378537478254,Medium
661,38,Female,311.5513054053572,20,40,Clothing,98.18240887968204,0.3560672991191448,High
662,33,Female,907.5925970742419,20,59,Electronics,103.77290286145585,0.788913962965867,Medium
663,38,Male,745.4709899273533,42,62,Groceries,110.1020594727488,0.2336904488253636,Medium
664,28,Male,3657.301558927948,12,132,Furniture,34.094682811197615,0.6392018293899598,Medium
665,54,Female,4107.148116299031,36,60,Furniture,71.45404584378853,0.23568253457588495,Low
666,53,Male,1146.2056949222924,32,331,Groceries,113.00898974546917,0.7136602831121538,High
667,52,Male,2578.6781954639623,23,122,Clothing,174.71830131091232,0.8736780345607488,Medium
668,36,Female,4219.44483725488,43,107,Electronics,132.33544909744552,0.12680179912676004,Medium
669,37,Male,3690.727569354628,10,96,Clothing,166.45565749144262,0.8665956885955035,Medium
670,35,Female,2756.9623069100567,16,347,Toys,138.38711020498098,0.5935752544142979,Medium
671,64,Male,2992.703683247987,3,235,Furniture,108.55046955617007,0.12711049086702397,Medium
672,58,Female,2590.966679889772,46,62,Toys,38.6040895988603,0.427541855359712,Medium
673,31,Male,1557.9874114622207,24,256,Furniture,121.66998908118978,0.1608602934850979,High
674,32,Male,2868.607765009179,29,49,Furniture,114.09142404298373,0.7003478888665695,Low
675,48,Female,3475.5379800454443,8,348,Toys,110.43210483002163,0.7588681344179496,Medium
676,18,Male,4379.282287717958,20,159,Toys,90.71252689794213,0.10579652027279896,Medium
677,20,Female,3217.8276344983155,19,124,Clothing,97.51490569812323,0.5061398526946443,High
678,33,Male,3829.4955315114744,18,317,Toys,63.52744224566821,0.8146250560259172,High
679,40,Female,884.3510112774077,18,207,Clothing,95.87972121240306,0.9361630415509965,Medium
680,28,Female,2361.6316246569704,11,48,Clothing,39.57228349373369,0.51351786674177,Low
681,29,Female,145.72493715275715,36,136,Clothing,145.90551953806593,0.950279223611407,Medium
682,27,Female,1308.7264361559528,41,201,Furniture,37.510967072273864,0.5356889704560298,Low
683,49,Male,3659.6624040537235,16,250,Furniture,19.869100730656623,0.39419049459990796,Medium
684,33,Male,4959.8687616118805,36,314,Toys,81.34305461250254,0.8482031285528955,Medium
685,25,Female,585.972687977358,47,357,Furniture,120.20380191356082,0.49298271045808906,High
686,55,Female,2067.3221477203124,38,318,Toys,81.60044436336973,0.47190251056452304,Low
687,29,Female,4020.3477466258814,27,295,Furniture,53.43197309147901,0.4903124894098283,High
688,41,Male,1099.7746096816045,40,314,Electronics,102.67995718082713,0.8467850018697454,Low
689,45,Male,2819.9162515812027,34,209,Electronics,65.72540869713498,0.8319415416880521,Low
690,25,Male,3692.0493505454065,46,355,Toys,168.25184577216078,0.4035199924402112,Low
691,45,Male,3118.3287062748773,47,211,Furniture,166.46289943062513,0.333299859870525,Medium
692,53,Female,1021.3211996155391,17,192,Furniture,92.9150684951167,0.4919280240391293,Medium
693,43,Female,1841.3843865601232,13,44,Clothing,62.37969895319524,0.572772509737109,Medium
694,25,Female,3940.5797439784465,34,29,Groceries,133.99817244241183,0.23833721062799695,High
695,45,Male,2815.7099192468813,43,59,Toys,11.424765109536661,0.7939550847155906,Medium
696,45,Male,125.62510636027241,40,71,Groceries,88.08457605763897,0.4864827657324229,High
697,54,Male,3828.85472413766,6,92,Groceries,63.856593997308366,0.3340455484199596,Medium
698,58,Female,273.0256392071715,40,265,Toys,166.09377989294708,0.10682099296399061,High
699,53,Female,3754.0955353830377,12,220,Furniture,7.100529772719445,0.23884516040360693,High
700,44,Male,1092.1547448096633,17,215,Toys,101.74260325071108,0.9492811717559837,Medium
701,34,Female,4794.560052584963,36,277,Groceries,134.61612668665956,0.3050996868195266,Medium
702,26,Male,1902.909681380214,12,64,Furniture,89.87814781670721,0.16885928936703531,Medium
703,50,Male,1701.9649200565875,35,346,Electronics,19.94553027847629,0.4606727916549932,High
704,37,Female,829.551446628979,30,292,Toys,175.18074325488288,0.3070877433602487,Medium
705,30,Male,1597.4606559020528,1,245,Toys,95.65182549081713,0.035159250271194153,High
706,45,Female,4395.588732958183,15,62,Furniture,112.48259275582699,0.32314521727941725,Medium
707,46,Male,4982.038254373512,8,332,Electronics,46.406711973813785,0.5441086239394686,Medium
708,30,Female,1904.7166994835568,8,170,Electronics,89.61216489369066,0.5517123720199669,Medium
709,63,Female,2298.1920916772588,37,269,Furniture,80.10116109270632,0.3565589211768887,Medium
710,52,Female,3638.1475971934115,10,267,Clothing,18.106772350347153,0.44730275625260063,Medium
711,23,Male,4442.359324278865,21,54,Toys,23.578061870806764,0.9655179182347664,Medium
712,35,Male,3005.9172375152425,32,16,Toys,151.55769093328556,0.3773484772303116,Medium
713,22,Female,2018.4759210713637,35,8,Groceries,46.968491636153296,0.258226813259983,Medium
714,64,Female,2121.8470201582563,44,104,Furniture,39.11769751226034,0.24346704406676012,Medium
715,42,Male,3508.5289178343537,22,59,Groceries,93.35950396877438,0.45776461270413416,High
716,19,Male,115.76949166096554,44,313,Groceries,139.53074798843977,0.7595201487169441,Medium
717,27,Male,3135.987753553219,44,40,Electronics,15.840640751322885,0.2059881841884732,Medium
718,47,Female,1841.9157511626513,33,237,Toys,105.94138593669477,0.7092961271407681,Medium
719,62,Male,3991.566923257713,8,94,Groceries,25.86182749710034,0.021149823349416286,High
720,22,Male,555.6541351333476,23,222,Electronics,11.38068389448323,0.418932977983946,High
721,50,Female,2982.1911080471136,7,204,Furniture,14.230191628388043,0.7758650652027869,Low
722,18,Male,2456.7671604420066,6,138,Groceries,150.97871893647724,0.3387329557744314,Medium
723,35,Male,3247.3950769356143,35,300,Toys,25.645184634910773,0.5637371014453995,High
724,49,Male,417.7826129665449,17,207,Groceries,12.90148877215109,0.2049792328259108,Medium
725,64,Female,2941.9205583978433,2,336,Furniture,81.63248025000965,0.7419953911261723,Medium
726,28,Female,2851.274481001666,27,81,Groceries,152.69885758985433,0.05227910326875962,Low
727,38,Female,2847.2344626392373,5,218,Toys,50.92146588562784,0.8525426448755004,High
728,43,Female,3057.0895663226283,43,2,Electronics,78.79970806703537,0.19819638642166815,High
729,42,Female,3414.692892409175,43,178,Toys,11.986443198656463,0.8743980317083307,Low
730,39,Female,4044.446098435772,20,346,Electronics,83.58873997360328,0.3525292413005173,High
731,44,Female,1422.1215286282502,27,279,Clothing,106.0822891114984,0.7226835744744866,High
732,30,Male,4142.742109882304,39,146,Toys,104.90873440662534,0.31922529778618847,Low
733,50,Male,2541.4528430909227,0,318,Toys,63.1746711305139,0.9059116712346476,Medium
734,51,Female,477.5855677582227,35,224,Furniture,60.218306616048714,0.12663712551837436,High
735,58,Male,386.8995532954981,20,62,Groceries,23.65913331390463,0.1785197892725987,High
736,52,Male,1737.767761610698,42,294,Electronics,69.18970611309696,0.4930301251588023,High
737,18,Female,3945.995187846191,34,239,Electronics,22.411567052768813,0.08193843903814613,High
738,38,Male,3567.636580230487,12,195,Furniture,139.15429032460904,0.19598018470176193,Low
739,23,Male,3964.2133268947914,48,166,Furniture,174.09800210593252,0.9437663822120144,Medium
740,45,Male,2634.6183765638857,9,222,Groceries,174.7630299166737,0.9764896611478872,Medium
741,34,Male,2256.9750899819037,43,61,Groceries,156.38744239069393,0.37625932933042194,Low
742,22,Male,822.5173808607914,46,129,Toys,110.13862613443334,0.9232860210139356,Medium
743,48,Female,1708.1444926856266,9,173,Clothing,127.65149701767899,0.5448246756734317,High
744,22,Female,2226.694894251989,45,156,Groceries,54.91101546907246,0.26974246587376705,Medium
745,55,Female,534.1421054301245,12,110,Furniture,115.3848235302086,0.7023987210805986,Low
746,20,Male,1180.9985682849351,36,269,Groceries,84.73867115197855,0.6589018065748572,Low
747,40,Female,3031.3039409123203,37,356,Electronics,89.35303446096319,0.9891253191087334,High
748,54,Male,3704.74925977203,23,278,Clothing,137.61089806565263,0.2650472874092833,Medium
749,54,Male,4991.9028058254535,1,74,Toys,54.33571222951904,0.6720595026617354,Medium
750,27,Male,4672.255323583433,21,207,Electronics,60.65693204654098,0.052023755029446894,Low
751,27,Male,3248.5694777224385,16,279,Electronics,166.8123134475114,0.11364603869671941,High
752,36,Female,2164.115461140953,35,326,Clothing,14.839251598920143,0.003918374951093262,Medium
753,34,Female,3217.2690870703404,13,340,Toys,89.98600222233456,0.9994606810596731,Low
754,38,Male,3949.692928593137,9,357,Furniture,164.7401400713758,0.8022736971474778,Medium
755,31,Female,679.8473355245978,34,340,Toys,111.81352636817748,0.7867230147335408,Medium
756,26,Male,2108.533959511812,24,204,Groceries,100.62123798712311,0.5097260752881797,High
757,63,Female,4215.031199614525,2,161,Electronics,48.70523136513716,0.30006708290543993,High
758,18,Female,1980.7814644719156,46,28,Groceries,65.07321058627845,0.15126428446267592,Medium
759,62,Male,2902.174129013214,37,257,Furniture,154.10847276582126,0.28467473884646366,Low
760,30,Female,2980.069868224771,16,165,Groceries,102.86317305948018,0.3759712219291391,High
761,21,Male,1003.9336403548328,11,63,Toys,95.07988390743648,0.756310096980294,Medium
762,18,Female,1874.953664096213,23,22,Groceries,22.426449869505063,0.5396617889031524,Medium
763,57,Male,1739.1053148354674,28,70,Furniture,7.804927379646546,0.07748362655548269,High
764,49,Male,228.3638718071175,42,96,Furniture,173.6449080202336,0.01802900895891224,Medium
765,51,Female,218.5396430676407,24,163,Furniture,70.97257927519729,0.10233217953406315,Medium
766,45,Female,4175.31551401129,35,79,Toys,110.56228586741325,0.41049871369737934,Low
767,48,Male,1438.0469688667808,25,5,Furniture,18.950137807774873,0.9331929170490183,Medium
768,25,Female,2638.5859545701956,37,316,Electronics,124.54500000153315,0.6374024812092216,Medium
769,56,Female,1563.755310584988,0,120,Furniture,168.19917402354315,0.8018258998755151,High
770,43,Male,4709.3283010651685,19,302,Groceries,105.74141927454843,0.46637459450454855,Low
771,51,Male,1370.5541184422914,27,178,Groceries,27.070181415696847,0.3616660831950428,High
772,20,Female,2205.3183824207817,15,176,Groceries,106.80126730785842,0.10840037271662273,Medium
773,29,Male,4376.378227374549,46,217,Toys,139.11076229331417,0.875933022186205,High
774,18,Male,4225.474477279862,16,56,Groceries,76.12289390045326,0.7831600290279028,Low
775,61,Male,1011.8969474467589,39,187,Toys,158.9716058897569,0.1681180975977251,Medium
776,22,Female,4032.952217998981,27,232,Toys,118.51951683753879,0.5122605638762605,Medium
777,47,Female,2345.115745015674,11,255,Furniture,162.36856070061043,0.4873748079212449,High
778,47,Male,2466.5474732182406,26,104,Electronics,114.11342946828401,0.6250915526865286,Medium
779,34,Female,754.0518648381245,41,77,Furniture,27.97539510084424,0.9461868939912612,Medium
780,64,Male,494.9474174099108,46,230,Furniture,59.19604944340809,0.5797714417624796,Medium
781,40,Female,3666.9026041714496,29,258,Toys,40.31411594417996,0.5402172667786186,High
782,32,Male,2532.659646540969,40,264,Toys,164.0446371004509,0.050322932934663944,Low
783,54,Male,2240.56844281438,33,331,Groceries,138.07001177530947,0.06290747601802393,Low
784,38,Female,3674.590320396744,36,182,Groceries,123.36971455925105,0.1873467913267889,High
785,31,Male,3851.013205056438,5,256,Furniture,57.66910593553379,0.03247077169174828,Low
786,19,Female,878.6500215798325,6,38,Clothing,37.207835108787364,0.7433528955700124,Medium
787,28,Female,3090.1032324404423,31,176,Clothing,137.37894039805957,0.7233303039939631,Medium
788,56,Male,763.2350031606591,31,27,Groceries,87.97764052883895,0.13605623443164294,Medium
789,55,Male,3781.737921542324,24,276,Clothing,44.5131716263601,0.8360789007952809,Medium
790,51,Female,3319.0802657089835,32,140,Groceries,112.90884617892314,0.15478603484611198,Medium
791,55,Male,4787.411643308944,6,299,Toys,12.058424124229095,0.3011755869973588,Medium
792,51,Male,437.8942801464638,11,287,Furniture,62.07979447244436,0.248976899161365,Medium
793,35,Male,379.5681336411462,15,91,Electronics,86.99747405344856,0.3723070985730478,Medium
794,47,Male,1482.7166659966806,15,61,Furniture,30.892708469146022,0.25466376588996187,Medium
795,32,Male,1382.3578503059393,42,347,Groceries,177.31453357839692,0.48895092643845206,High
796,44,Female,1310.1961154527992,35,163,Groceries,41.5920388031825,0.4074078813546854,Low
797,51,Female,4540.647444553079,12,351,Furniture,27.81179775757147,0.9865694907793265,Medium
798,55,Male,1322.77637926258,6,143,Groceries,40.61860293020687,0.055926350128225666,High
799,50,Male,1432.553658030292,35,253,Clothing,139.58569830295176,0.14218137638735162,High
800,41,Male,3821.0514858480224,46,269,Clothing,79.4634903725725,0.052825893908602484,Medium
801,32,Female,2303.725228007646,8,291,Groceries,103.94778945669415,0.6258411949823758,Low
802,47,Male,3905.881729080388,31,187,Groceries,8.67660247261313,0.05450927741371958,Medium
803,59,Female,420.29417206548766,10,304,Clothing,11.025479000330048,0.8364397373761233,Medium
804,34,Female,2489.098848999583,7,291,Groceries,83.01947121972783,0.5119386306819278,High
805,22,Female,264.7066408980849,32,86,Groceries,147.91466756028413,0.5270076245815337,Medium
806,46,Male,407.00069693123714,22,166,Furniture,159.91680377382391,0.5615945077121942,Low
807,21,Female,4541.5435213876135,24,114,Electronics,20.173649329237037,0.17081370630621073,Medium
808,27,Male,782.3023184762163,7,356,Clothing,99.21354286767898,0.19769030311448754,High
809,34,Female,2708.8613431485637,44,183,Furniture,164.81519509887232,0.3188173228730047,Medium
810,27,Male,2114.368452743462,21,207,Electronics,72.89523201963011,0.5934964158218514,High
811,34,Female,1801.9822986683291,3,256,Groceries,150.1740204999645,0.21011777594021452,Medium
812,37,Male,4509.1833938676355,39,235,Groceries,28.396739519901335,0.11633172713326123,Medium
813,41,Female,206.93464419989857,2,355,Furniture,168.69403569186477,0.9701168864184322,Medium
814,22,Male,3352.5694622603864,28,3,Groceries,136.49908056797796,0.021981814809622913,High
815,51,Male,4820.632727646397,40,208,Toys,169.73351873770778,0.8026974053360216,Low
816,23,Male,2844.8240989630253,28,197,Furniture,123.40801587168863,0.7880351495750221,Medium
817,19,Male,4690.43006396215,33,341,Electronics,68.59568809989972,0.297214113845096,Medium
818,30,Female,356.06360850151646,33,125,Furniture,169.18170519182644,0.1356266160073134,Medium
819,60,Female,2152.0872634633906,27,138,Clothing,53.22418585410623,0.14562864670542341,Medium
820,60,Male,1374.7731757140507,12,339,Furniture,63.130191360803195,0.6974316172371925,Medium
821,28,Female,3681.022728405576,14,25,Groceries,127.64147315030455,0.6428065910861737,Medium
822,64,Male,4908.355743436508,22,68,Groceries,138.93035241694258,0.7827456742513867,Medium
823,40,Male,1356.9973059768142,43,61,Toys,167.6456096736019,0.9374811723991047,High
824,33,Female,3305.455547222965,25,29,Toys,40.84042158483666,0.691927363266592,Low
825,48,Male,1070.6784005227266,3,19,Toys,144.6496561633642,0.15585153655144346,Medium
826,28,Male,2870.1182474008883,25,171,Electronics,134.2455593444686,0.24344261676541068,High
827,33,Female,2373.2691847728474,39,74,Toys,16.164047344379625,0.8421937308731146,Medium
828,25,Male,4862.826115194532,8,61,Electronics,72.76404971178621,0.20930607583420857,Low
829,21,Male,3081.7836362126864,4,153,Toys,54.48395498551725,0.07252231695448141,Low
830,57,Male,1812.581223225412,31,276,Electronics,58.28582426195532,0.7032800540422505,Medium
831,21,Male,659.0693459508735,19,48,Furniture,177.01570392207265,0.40252635549014204,High
832,42,Female,841.1094608011794,49,211,Furniture,117.48604735898738,0.9200400525459036,Medium
833,20,Female,1204.052956761052,10,343,Groceries,130.5933276138624,0.6502550710936615,High
834,49,Female,1329.7366405674602,14,139,Electronics,175.9080865301266,0.09041897779166075,Low
835,20,Male,4268.018683421576,31,110,Clothing,71.01031193008677,0.9478565672536607,High
836,44,Male,2849.991662584372,27,183,Groceries,145.32202947924102,0.2585572636402459,High
837,46,Female,2664.6154657343955,21,28,Furniture,81.04291857828669,0.33721249040628576,Medium
838,49,Male,662.3674721591656,40,197,Electronics,157.16839256762145,0.40226041368354204,Medium
839,36,Male,4314.684497412231,16,191,Toys,36.61506972947806,0.05122429640431325,Medium
840,38,Male,3641.7900857215704,25,315,Clothing,170.84508098624892,0.49651542223060485,Medium
841,22,Male,431.57497331000775,43,51,Furniture,43.28504897190394,0.12331849107529225,High
842,35,Female,3568.3919764258667,6,149,Groceries,62.088588721663015,0.40097032668835175,High
843,45,Female,2763.337264978966,41,268,Electronics,137.33364096868658,0.3507097879920843,Medium
844,59,Female,500.45419415921344,25,50,Clothing,73.90714977394617,0.7728400834265033,High
845,39,Male,2345.673143490417,24,246,Electronics,111.43699093412816,0.8031705116327311,Medium
846,38,Female,2475.01180693723,9,113,Toys,82.80036268714998,0.153412882389088,Medium
847,23,Female,912.2952468000511,44,170,Groceries,134.9147389907118,0.3665511873792262,Medium
848,18,Male,4733.920920301383,18,166,Electronics,44.9579691645069,0.3733531610318317,Low
849,22,Male,4264.879320255243,10,14,Furniture,15.230147766453475,0.15141044393608505,Low
850,58,Female,3378.2094529126307,12,203,Groceries,57.487644557786595,0.7984535050511905,Low
851,29,Female,2365.2482489029753,7,288,Furniture,88.0040163519753,0.7072283283354233,High
852,43,Female,2117.6511537640918,39,189,Electronics,34.40350913371875,0.19038178629703473,High
853,63,Female,3289.7699890396752,3,155,Groceries,67.08952568986803,0.36672190859379905,Medium
854,51,Male,2772.6161600938367,46,55,Furniture,74.99702820137449,0.10580502485651422,Low
855,31,Female,405.1382188212395,30,182,Toys,15.04357264544787,0.6282065970930439,Low
856,43,Female,2611.262978974625,27,210,Toys,107.07876843223579,0.12137192454861967,Low
857,62,Male,4051.3777244409134,10,75,Electronics,159.76009989497533,0.9859341686249178,High
858,44,Female,2350.2754002250945,42,277,Groceries,31.555009766784174,0.7806820746878623,Low
859,26,Male,354.5872300159152,0,133,Clothing,109.61640234526496,0.39023854958399506,Medium
860,43,Male,3952.763176981762,48,343,Groceries,121.3293608593981,0.5785639322793544,High
861,64,Male,1086.6825324662746,46,59,Toys,78.38356907337545,0.9113418162164088,Medium
862,39,Female,1367.24209095139,37,345,Furniture,127.69207778874724,0.5540992803958261,High
863,64,Female,907.0611318182499,23,182,Clothing,76.87802011092711,0.17449848639795518,Medium
864,47,Male,1718.053817870338,46,339,Electronics,93.31152539605111,0.3787033555811593,Medium
865,60,Female,3808.0823778743115,30,321,Clothing,6.286782797024721,0.8431448650297454,Medium
866,34,Female,2644.990711569293,40,64,Electronics,126.05101997357055,0.6442130159896179,Medium
867,43,Male,1103.9182433384915,45,327,Clothing,120.73496881532678,0.6507243843338003,Low
868,53,Male,4401.367382945,49,260,Electronics,11.720153532110299,0.8668214856884892,Medium
869,18,Female,4409.951089262493,25,193,Electronics,69.44376879414828,0.8939730574625047,Medium
870,25,Male,4365.834282725434,48,143,Clothing,176.33057213854178,0.9197925717794363,Low
871,52,Female,1270.1014357695424,49,104,Clothing,78.62889844950794,0.0948491932531561,Low
872,32,Female,2311.072786486842,4,214,Electronics,92.8404458980723,0.5441260019631009,High
873,64,Female,4926.449315090288,19,242,Toys,164.23777767795076,0.7405095212183186,Medium
874,39,Female,3882.861133918953,40,209,Clothing,130.52082827650736,0.7569268451270138,High
875,31,Male,233.12036400524312,10,93,Groceries,106.86227294673913,0.6067162019700039,High
876,43,Male,419.50249717641105,32,142,Furniture,144.61581923468768,0.16678733518367417,Medium
877,45,Male,2373.2637463804303,49,112,Electronics,156.26409662979532,0.7974205539416643,Low
878,40,Male,4555.179008721645,37,59,Electronics,84.9554125540217,0.7201113335149457,High
879,31,Female,2739.6388099682995,26,43,Furniture,88.14396386307119,0.08613577154903629,Low
880,41,Female,2539.281289368022,33,207,Toys,72.55891373907126,0.46380982467437626,Low
881,19,Male,616.8211297874899,14,268,Furniture,174.1735745032306,0.17397739952180358,Low
882,62,Female,3318.222513149041,31,296,Clothing,127.00409450081132,0.3374770457129719,High
883,43,Female,4128.305486941104,20,118,Furniture,19.56403658641265,0.018081092205685434,Low
884,31,Female,1964.0580367870555,45,20,Electronics,156.01793407977823,0.40032986841075824,Medium
885,24,Male,3900.4980695341046,4,222,Furniture,89.09798964634692,0.5498769211562105,Medium
886,20,Male,4825.935604113977,5,166,Groceries,17.031933623935306,0.6195825928270868,High
887,64,Male,1098.4556497256767,37,131,Clothing,101.20051965357943,0.6634903451287101,High
888,40,Female,2664.3151928542325,21,156,Furniture,78.00374882074786,0.83629131310246,Medium
889,63,Male,1506.9759946144202,17,184,Electronics,158.60614585095936,0.21546290727573003,Medium
890,60,Male,3984.986653265813,13,90,Clothing,40.69905563164279,0.12048182243846794,High
891,64,Male,2930.2074928176717,9,94,Electronics,149.63130666113202,0.8515371718979257,High
892,62,Male,3209.4538459964883,45,13,Toys,102.59552095745423,0.1566128148926499,Medium
893,35,Male,4009.779382117881,12,322,Groceries,14.556803062357083,0.9747600813361953,High
894,55,Male,2040.2553160460288,30,293,Toys,175.07292773195982,0.842538229398637,Low
895,52,Female,4583.941335194511,29,230,Groceries,94.70766771805998,0.5008766058895991,High
896,32,Female,2711.8414495060856,2,322,Furniture,55.90344949052694,0.9814214249220252,High
897,42,Male,873.9786318932053,29,292,Clothing,87.14619734812017,0.09737672910800421,Medium
898,54,Male,3509.905679027132,5,26,Furniture,155.12511211556057,0.30306576117510164,Medium
899,45,Female,3986.9806171474465,28,75,Groceries,58.358046767386114,0.6382244150406114,Medium
900,27,Female,1652.1322176308806,7,364,Groceries,38.71836938517256,0.35000686847317874,Medium
901,56,Male,4300.178359293889,43,299,Groceries,27.587468212904255,0.9283725519807918,Low
902,34,Male,4540.101948352255,44,150,Electronics,57.12539471828697,0.06562608817781757,Medium
903,56,Male,1456.8319881512637,42,148,Clothing,141.50841523200762,0.5494118320609646,High
904,39,Male,4919.255216304588,43,8,Furniture,87.5346139091708,0.5908662673951145,Medium
905,43,Female,789.4864874389162,32,29,Furniture,44.809280646369494,0.6527281237772241,Low
906,61,Male,1089.8767751722007,16,296,Toys,34.08237493170611,0.25566622333181444,Medium
907,42,Male,1002.7017122663281,47,209,Groceries,63.22765838931634,0.36456642751986446,High
908,34,Male,4480.549579038565,10,128,Groceries,169.48676525499906,0.8436805296649776,Medium
909,30,Male,3306.033506392313,12,340,Groceries,65.02967470325427,0.19494276897015983,Medium
910,37,Female,845.3109877891371,49,116,Furniture,177.92171329206118,0.826867847173362,Medium
911,42,Female,2257.58475000491,10,144,Toys,89.91532975893733,0.5626554229027424,High
912,21,Female,3114.96032284203,30,318,Electronics,36.3536857007764,0.7621875111940821,High
913,27,Male,508.9740164479781,27,235,Clothing,160.94951606386414,0.7136073662634715,Medium
914,20,Male,4423.84020519596,43,7,Electronics,85.5621902985947,0.207511495384879,High
915,58,Female,4037.657323663522,5,45,Furniture,129.19248511329178,0.5688127364338729,Medium
916,62,Male,2575.5131905255275,40,239,Groceries,177.14952706160156,0.8677231528050924,Medium
917,35,Male,4838.920414769935,15,155,Clothing,13.78068630599545,0.43211623680192934,High
918,64,Female,2147.0287984479883,3,181,Furniture,21.92154796282425,0.9665907702233167,Low
919,53,Female,4922.140563278839,34,215,Furniture,131.07992975598233,0.45221510010171806,Low
920,64,Female,3372.8079941377728,47,88,Furniture,54.3193755767076,0.14278563666788469,Medium
921,39,Female,3209.889238944313,25,256,Clothing,37.25274446626734,0.38943468007767323,High
922,51,Male,913.1789869493465,11,73,Clothing,11.888328968452662,0.9517024063905372,High
923,64,Male,4421.446015692755,10,179,Toys,8.823174597585316,0.31972084933985423,Medium
924,25,Female,2194.699470811014,36,212,Toys,140.5349805459634,0.8680981598670628,High
925,57,Male,894.9436883341489,24,293,Electronics,28.52584978967125,0.8812506816818898,Low
926,61,Female,161.77684788121928,17,234,Clothing,86.8511077949514,0.35018652433196107,High
927,36,Female,2842.8028498280746,18,239,Clothing,111.03194265640953,0.08325765805063212,Medium
928,59,Male,2684.258148401114,22,223,Clothing,79.9615650995481,0.7245579091588182,Medium
929,58,Female,3624.832749608877,37,119,Toys,9.743664158840794,0.311512299013986,Medium
930,54,Male,4462.26445978723,17,313,Furniture,142.11276295288405,0.7829236142575724,High
931,23,Male,489.09226475084466,25,264,Groceries,6.8398142947893605,0.4426548482604331,Medium
932,43,Male,3684.3328026677755,5,207,Toys,138.3307315160597,0.48526674234262157,High
933,51,Male,1018.3185260781529,3,95,Clothing,161.32828641292147,0.7779094067485368,Low
934,62,Female,4305.067560470104,43,222,Toys,80.74698618500516,0.3823633310616279,High
935,23,Male,4113.411217922115,28,276,Electronics,98.71993279211469,0.44312734532291453,Low
936,54,Female,2749.8893994291675,33,231,Clothing,88.4720937080894,0.37619046876962214,Low
937,50,Female,3580.1897132542263,16,309,Electronics,73.1115082591018,0.36734051527727996,High
938,39,Female,1640.315554600367,42,119,Clothing,160.29929368981306,0.5259465769014594,Medium
939,38,Female,2408.7227047707916,42,268,Toys,161.43836436724834,0.8087994445011507,High
940,23,Male,4126.020798781311,15,273,Furniture,63.767863812268544,0.36176831192256587,Low
941,23,Male,2350.399466148748,1,64,Groceries,112.63720695257214,0.5242547205377367,Medium
942,21,Female,1853.2115000946649,33,298,Electronics,167.2088233755262,0.6707273254426008,Medium
943,47,Female,2521.6409915264694,7,350,Toys,173.3602373147365,0.269439446303655,Medium
944,28,Male,4158.4213369423705,12,11,Furniture,94.06783207385831,0.27752280490239256,High
945,47,Female,1742.5194321172764,41,98,Toys,84.24434092475718,0.9334131270234548,Low
946,48,Male,951.4318063651446,7,71,Electronics,53.77150528749201,0.7235345733310886,High
947,41,Female,3588.8686996208257,29,364,Groceries,172.80257780832176,0.5771866762233089,Medium
948,26,Male,4147.293242269601,31,58,Toys,29.992503282751787,0.647720054420612,Medium
949,20,Female,593.1236447653133,35,290,Clothing,106.47017580835188,0.029299443103418366,Low
950,48,Female,1275.3831525041292,46,251,Furniture,54.446296815761805,0.6181029655616969,High
951,57,Male,795.6627498288701,29,276,Toys,53.82645081086441,0.5095088732242019,Medium
952,54,Female,1804.9129167526164,0,50,Furniture,75.86950279083298,0.5457496797794357,Medium
953,53,Female,2306.719796636522,42,358,Clothing,179.78876376773954,0.3594238268308171,Medium
954,41,Male,3769.249051120202,38,216,Groceries,14.619103696968862,0.08147389771294189,High
955,48,Female,3290.623165920203,16,52,Groceries,106.244818185618,0.19333923361205219,High
956,23,Male,3142.5499806443127,19,271,Clothing,19.450127656173507,0.9507447132126717,High
957,19,Male,1826.6372383873065,23,84,Furniture,32.04114524834082,0.40869956227093396,Medium
958,37,Female,4223.0930101153235,49,293,Toys,81.92351481025727,0.46668315583086417,High
959,45,Female,2409.3071202510064,21,126,Clothing,94.33052298562723,0.05270978985343899,Medium
960,28,Female,4897.614196274257,28,296,Electronics,50.2886714637917,0.03756622954398059,High
961,21,Female,3207.2964776491103,21,72,Furniture,60.37999790302283,0.7171814470467577,Low
962,32,Female,718.6972336660634,43,296,Groceries,20.219228544788287,0.5380946641211113,Low
963,23,Female,3413.2700541696267,8,236,Clothing,58.06346217274384,0.5087059842162667,Medium
964,47,Female,1693.009675615325,36,56,Groceries,174.14772689159523,0.24312453042266868,Medium
965,55,Male,3463.0032637618774,9,360,Furniture,170.3237917926843,0.7447507316299222,High
966,19,Female,441.2416259957881,35,110,Groceries,63.60370077397238,0.16823657910849188,High
967,32,Male,956.919042162201,36,192,Clothing,104.89943884878328,0.18993474366102003,High
968,28,Female,4293.112568638353,27,93,Furniture,164.17919344441526,0.46071217134827547,Medium
969,25,Female,1213.179829415223,27,350,Electronics,6.082168962156918,0.2862798621119409,Medium
970,43,Male,4201.501513690407,41,56,Clothing,146.86962480907857,0.24746298123314636,Low
971,62,Female,1468.452833426611,42,60,Toys,170.96467173806082,0.6452376445533317,Medium
972,61,Female,3250.1213592876675,20,138,Clothing,20.982003508372486,0.6509717452185445,Medium
973,22,Male,3501.337810198172,23,39,Furniture,33.25334505576118,0.8245170697999292,Medium
974,23,Female,2612.0082904107594,41,28,Clothing,173.1306029849872,0.41770856697297587,Medium
975,43,Female,1596.0223158139834,39,49,Electronics,99.06952513706061,0.07308509102615024,High
976,21,Female,1141.957444218371,1,125,Electronics,7.484411032551648,0.2736663849214577,Medium
977,36,Male,262.62783735588846,7,13,Toys,50.0855997836176,0.9800054631968169,Medium
978,37,Female,1589.3373660795467,47,36,Groceries,83.74014299705043,0.5962585752327021,Medium
979,50,Female,3300.497673603287,26,101,Furniture,126.25905942933434,0.7097370848010203,Low
980,37,Female,4697.693610397565,21,282,Furniture,133.30306617393992,0.007357829625414536,Medium
981,29,Female,4368.901963088955,36,86,Groceries,179.1987647619548,0.5182057321825209,High
982,64,Male,3853.717405022983,26,4,Electronics,55.31445989215783,0.03752865753180312,Medium
983,18,Male,3963.3919819411635,28,223,Electronics,99.18851782698317,0.569230212091448,Medium
984,43,Female,3358.4260270323766,2,338,Clothing,98.33162087543087,0.9207708496360754,High
985,31,Female,1375.4056020734147,43,166,Toys,75.98792040326656,0.9684191305004078,Medium
986,55,Male,4545.255650458566,12,344,Toys,34.60333142242354,0.5405526753889242,Low
987,54,Male,3386.588328338587,44,278,Toys,176.05489855717244,0.45820480525221596,Low
988,28,Female,2846.1590918041557,9,130,Clothing,154.33050766665255,0.945017094248494,High
989,53,Male,643.8483991460572,35,31,Toys,92.2082799514915,0.6736098319966951,Low
990,30,Female,2290.5721646514844,8,11,Groceries,110.56794896970521,0.06489927953840946,Medium
991,60,Male,2355.7555288894387,26,302,Clothing,44.770684372940906,0.46572557766749756,Medium
992,20,Male,4336.361686661083,33,96,Groceries,100.16273731855571,0.2402450184643039,Medium
993,50,Male,2778.5762789201635,0,190,Clothing,126.61977329625827,0.46980432144868156,Low
994,23,Male,1963.9626899550074,31,192,Toys,95.15422996765304,0.45546557200636173,Medium
995,27,Female,4886.3216097022305,24,266,Groceries,178.29990485236473,0.582144802814742,Medium
996,22,Male,642.5309072989468,28,128,Groceries,111.98478984335208,0.35677049034925123,Medium
997,40,Male,2170.4872987285285,6,238,Groceries,69.92039970362958,0.16427044945592806,Medium
998,27,Female,305.92090833988595,48,355,Clothing,140.12660483277168,0.5037194345899563,High
999,61,Male,3725.5301917579586,2,112,Furniture,34.83093952678736,0.8302028843457621,Low
1000,19,Male,4598.575105775838,19,316,Toys,72.29026739859664,0.6640122280676023,Medium
